District,Hospital Name,General Beds,General Beds,General Beds,Oxygen Beds,Oxygen Beds,Oxygen Beds,ICU Beds Without ventilator,ICU Beds Without ventilator,ICU Beds Without ventilator,ICU Beds With ventilator,ICU Beds With ventilator,ICU Beds With ventilator,Hospital Helpline No.,Dist. Control Room No.,Last Updation By Hospital
District,Hospital Name,T,O,A,T,O,A,T,O,A,T,O,A,Hospital Helpline No.,Dist. Control Room No.,Last Updation By Hospital
163,Ajmer,JAI CLINIC NURSING,11,0,11,10,0,10,0,0,0,0,0,0,8107530407,0145-2631111,25-Jun-2021 20:21:35
156,Ajmer,CHC sawar block kekri,4,0,4,6,0,6,0,0,0,0,0,0,,0145-2631111,25-Jun-2021 20:08:42
158,Ajmer,DIVISIONAL RAILWAY,70,0,70,3,3,0,1,0,1,1,0,1,9001196555,0145-2631111,25-Jun-2021 20:16:40
159,Ajmer,DR VIJAY ENT HOSPITAL AJMER,0,0,0,0,0,0,0,0,0,0,0,0,9982537977,0145-2631111,25-Jun-2021 20:16:11
160,Ajmer,Govt District Hospital Kekri,0,0,0,63,4,59,0,0,0,7,0,7,01467-220005,0145-2631111,25-Jun-2021 20:17:36
161,Ajmer,Govt Y N Hospital Kishangarh,0,0,0,40,1,39,0,0,0,4,0,4,7014616109,0145-2631111,25-Jun-2021 20:03:50
162,Ajmer,Govt. Satellite Hospital Ajmer,0,0,0,50,0,50,0,0,0,0,0,0,0145-2680241,0145-2631111,25-Jun-2021 20:03:53
155,Ajmer,CHC kadera Block kekri,2,0,2,0,0,0,0,0,0,0,0,0,8306800438,0145-2631111,25-Jun-2021 20:43:15
164,Ajmer,JLN medical college Ajmer,35,0,35,395,15,380,90,11,79,80,16,64,0145-2625509,0145-2631111,25-Jun-2021 20:01:13
166,Ajmer,MARBLE HOSPITAL KISHANGARH,11,0,11,23,0,23,0,0,0,0,0,0,8696178696,0145-2631111,25-Jun-2021 20:22:42
167,Ajmer,"MITTAL HOSPITAL and RESEARCH CENTRE, AJMER",18,0,18,45,0,45,8,0,8,4,0,4,9001096223,0145-2631111,25-Jun-2021 20:02:41
168,Ajmer,"Militry Hospital ,Nasirabad",75,0,75,16,0,16,0,0,0,17,0,17,7838560640,0145-2631111,25-Jun-2021 20:00:47
169,Ajmer,Nasirabad,75,0,75,57,0,57,0,0,0,4,0,4,01491221053,0145-2631111,25-Jun-2021 20:07:00
170,Ajmer,R S HOSPITAL,5,0,5,15,0,15,0,0,0,0,0,0,8852852152,0145-2631111,25-Jun-2021 20:19:35
171,Ajmer,"St. Francis Hospital, Ajmer",0,0,0,0,0,0,8,0,8,2,0,2,9828125153,0145-2631111,25-Jun-2021 20:21:24
165,Ajmer,Kshetrapal Multispeciality Hospital,0,0,0,35,0,35,9,0,9,6,0,6,9116002893,0145-2631111,25-Jun-2021 20:01:53
154,Ajmer,CHC TODGARH BLOCK JAWAJA,10,0,10,5,0,5,0,0,0,0,0,0,,0145-2631111,25-Jun-2021 20:00:00
157,Ajmer,COMPOSIT HOSP.,45,0,45,5,0,5,0,0,0,0,0,0,01452671791,0145-2631111,25-Jun-2021 20:15:49
152,Ajmer,CHC Shrinagar Block Nasirabad,5,0,5,5,0,5,0,0,0,0,0,0,94360355403,0145-2631111,25-Jun-2021 19:58:34
138,Ajmer,AKH BEAWAR ( DH),15,3,12,43,3,40,6,5,1,4,0,4,8306007302,0145-2631111,25-Jun-2021 20:05:21
139,Ajmer,Anand Multispeciality Hospital and Research Center,6,0,6,14,0,14,4,0,4,4,0,4,9269625000,0145-2631111,25-Jun-2021 20:05:20
140,Ajmer,CHC ARAIN BLOCK ARAIN,0,0,0,5,0,5,0,0,0,0,0,0,01463281127,0145-2631111,25-Jun-2021 20:00:16
141,Ajmer,CHC BANDANWARA,10,0,10,5,2,3,0,0,0,0,0,0,9928853075,0145-2631111,25-Jun-2021 20:00:46
142,Ajmer,CHC BHINAI BLOCK BHINAI,5,0,5,5,0,5,0,0,0,0,0,0,014662734349460614080,0145-2631111,25-Jun-2021 19:53:24
153,Ajmer,CHC TANTOTI Block BHINAI,5,0,5,5,0,5,0,0,0,0,0,0,8980008113,0145-2631111,25-Jun-2021 20:06:15
144,Ajmer,CHC DEOGAVN,3,0,3,2,0,2,0,0,0,0,0,0,9643340061,0145-2631111,25-Jun-2021 19:50:28
145,Ajmer,CHC JAWAJA BLOCK JAWAJA,5,0,5,5,0,5,0,0,0,0,0,0,,0145-2631111,25-Jun-2021 20:15:14
143,Ajmer,CHC BIJAINAGAR Block Masuda,7,0,7,8,0,8,0,0,0,0,0,0,01462-230028231101,0145-2631111,25-Jun-2021 19:59:53
146,Ajmer,CHC MASUDA BLOCK MASOODA,10,0,10,5,0,5,0,0,0,0,0,0,9414644980,0145-2631111,25-Jun-2021 20:02:25
147,Ajmer,CHC PISANGAN BLOCK PISANGAN,9,0,9,10,0,10,0,0,0,0,0,0,7742363054,0145-2631111,25-Jun-2021 19:54:16
148,Ajmer,CHC Panchsheel Ajmer,0,0,0,50,0,50,0,0,0,0,0,0,8130830260,0145-2631111,25-Jun-2021 20:09:44
149,Ajmer,CHC Pushkar block pisangan,0,0,0,10,0,10,0,0,0,0,0,0,9414213880,0145-2631111,25-Jun-2021 20:06:55
150,Ajmer,CHC ROOPANGARH BLOCK KISHANGARH,5,0,5,5,0,5,0,0,0,0,0,0,9413204173,0145-2631111,25-Jun-2021 19:51:35
151,Ajmer,CHC SARWAR BLOCK ARAIN,5,0,5,10,0,10,0,0,0,0,0,0,8094361159,0145-2631111,25-Jun-2021 20:06:44
181,Alwar,CHC Pratapgarh,6,0,6,1,0,1,0,0,0,0,0,0,8003238999,0144-2340145,10-Jun-2021 13:09:00
186,Alwar,CHC Tijara,12,0,12,8,0,8,0,0,0,0,0,0,77260 42011,0144-2340145,18-Jun-2021 12:04:55
185,Alwar,"CHC Tapukara,Tijara",5,0,5,10,0,10,0,0,0,0,0,0,01493243030,0144-2340145,18-Jun-2021 20:22:54
184,Alwar,CHC Shahjapur,1,0,1,4,0,4,0,0,0,0,0,0,8955021937,0144-2340145,25-Jun-2021 14:19:16
183,Alwar,CHC Reni,0,0,0,5,0,5,0,0,0,0,0,0,9414922763,0144-2340145,25-Jun-2021 08:30:17
182,Alwar,CHC Ramgarh,8,0,8,2,0,2,0,0,0,0,0,0,8447722038,0144-2340145,10-Jun-2021 13:09:20
187,Alwar,CHC bardod,5,0,5,5,1,4,0,0,0,0,0,0,9785618722,0144-2340145,25-Jun-2021 08:19:29
180,Alwar,CHC Malakhera,0,0,0,5,0,5,0,0,0,0,0,0,8696490277,0144-2340145,25-Jun-2021 14:29:42
193,Alwar,Chc Mundawar,8,1,7,10,8,2,0,0,0,0,0,0,01495260085,0144-2340145,12-Jun-2021 20:48:28
178,Alwar,CHC Kishangarhbass,5,5,0,5,0,5,0,0,0,0,0,0,9829792749,0144-2340145,20-Jun-2021 09:03:48
177,Alwar,CHC Kherli,10,0,10,7,0,7,0,0,0,0,0,0,01492280160,0144-2340145,21-Jun-2021 10:42:00
176,Alwar,CHC Behror,16,0,16,15,0,15,5,0,5,0,0,0,9414200744,0144-2340145,25-Jun-2021 15:08:13
175,Alwar,"Bansur Hospital and Recharge centar, Bansur, Alwar",40,0,40,20,0,20,0,0,0,0,0,0,8529854495,0144-2340145,19-Jun-2021 08:39:58
174,Alwar,BSC Nursing College Tijara,28,0,28,12,0,12,0,0,0,0,0,0,+919414324319,0144-2340145,18-Jun-2021 12:04:30
173,Alwar,"Arihant Hospital, Alwar",11,0,11,16,0,16,5,0,5,0,0,0,9414490612,0144-2340145,21-Jun-2021 10:32:13
172,Alwar,"Dental College Thada , Karoli Tijara",0,0,0,42,0,42,0,0,0,0,0,0,82099 55458,0144-2340145,25-Jun-2021 20:17:52
188,Alwar,Chc Bansur,5,3,2,10,0,10,0,0,0,0,0,0,01461232045,0144-2340145,10-Jun-2021 14:19:40
179,Alwar,CHC Kotkashim,10,0,10,3,0,3,0,0,0,0,0,0,9461839530,0144-2340145,23-Jun-2021 08:30:44
189,Alwar,Chc Bhiwadi,9,0,9,13,0,13,0,0,0,0,0,0,7627019593,0144-2340145,25-Jun-2021 20:20:40
190,Alwar,Chc Harsoli,17,0,17,3,0,3,0,0,0,0,0,0,9166882264,0144-2340145,20-Jun-2021 20:09:23
218,Alwar,"Royal Hotel Rampura , Bhiwadi",0,0,0,30,0,30,0,0,0,0,0,0,9414791881,0144-2340145,14-Jun-2021 09:02:56
212,Alwar,Matsya Nursingh College Alwar,0,0,0,50,0,50,0,0,0,0,0,0,9799558246,0144-2340145,18-Jun-2021 20:09:13
213,Alwar,"Mittal Hospital, Alwar",0,0,0,7,0,7,4,0,4,4,0,4,01442370133,0144-2340145,25-Jun-2021 08:19:32
214,Alwar,"Multispeciality Madhuri Hospital, 30 Panchwati Scheme 7",11,0,11,9,0,9,1,0,1,4,0,4,9461000076,0144-2340145,10-Jun-2021 13:12:55
216,Alwar,"Patel Hospital, Alwar",7,0,7,17,0,17,8,0,8,0,0,0,7742632441,0144-2340145,25-Jun-2021 09:52:26
217,Alwar,"Rajeev Gandhi Hospital , Alwar",25,4,21,18,2,16,0,0,0,6,3,3,01442345087,0144-2340145,25-Jun-2021 18:45:54
191,Alwar,Chc Khairthal,10,0,10,10,0,10,2,0,2,0,0,0,01460298090,0144-2340145,23-Jun-2021 13:36:43
219,Alwar,SOLANKI HOSPITAL,0,0,0,11,2,9,3,1,2,1,0,1,9462721306,0144-2340145,24-Jun-2021 11:12:27
220,Alwar,"Sachkhand Hospital, Neemrana, Alwar",12,0,12,16,0,16,11,0,11,0,0,0,1494246333,0144-2340145,15-Jun-2021 08:58:37
221,Alwar,"Sania Hospital , Alwar",0,0,0,5,5,0,0,0,0,0,0,0,9116012993,0144-2340145,17-Jun-2021 09:37:24
222,Alwar,"Shubham Hospital, Alwar",21,0,21,8,0,8,6,0,6,0,0,0,9119215879,0144-2340145,12-Jun-2021 13:40:04
223,Alwar,Soni Devi Hospital,0,0,0,0,0,0,0,0,0,0,0,0,9116589567,0144-2340145,16-Jun-2021 08:05:40
224,Alwar,Star Hospital,8,0,8,5,0,5,4,0,4,0,0,0,8392831651,0144-2340145,25-Jun-2021 08:56:45
225,Alwar,"Star Hospital , Bhiwadi, Tijara, Alwar",0,0,0,11,0,11,4,0,4,0,0,0,8392831651,0144-2340145,19-Jun-2021 10:04:59
226,Alwar,Sunil Nursing Home,0,0,0,0,0,0,0,0,0,0,0,0,01442336648,0144-2340145,20-Jun-2021 09:41:11
227,Alwar,Vaijayanti Hospital,0,0,0,0,0,0,0,0,0,0,0,0,9414017227,0144-2340145,18-Jun-2021 15:40:57
211,Alwar,Manohar Hospital And Trauma Center Shajapur,10,0,10,5,0,5,5,0,5,0,0,0,,0144-2340145,25-Jun-2021 07:56:08
210,Alwar,MH Alwar,20,17,3,28,0,28,0,0,0,2,0,2,9024337965,0144-2340145,25-Jun-2021 20:31:33
215,Alwar,Om Hospital,0,0,0,0,0,0,0,0,0,0,0,0,9671515609,0144-2340145,10-Jun-2021 13:13:55
208,Alwar,Kharak Singh Arora Hospital Alwar,4,0,4,0,0,0,0,0,0,0,0,0,,0144-2340145,25-Jun-2021 14:01:07
192,Alwar,Chc Laxmangarh,8,0,8,5,0,5,0,0,0,0,0,0,8769413048,0144-2340145,22-Jun-2021 13:03:08
194,Alwar,Chc Neemrana,30,0,30,6,0,6,0,0,0,0,0,0,9772150909,0144-2340145,13-Jun-2021 13:49:53
209,Alwar,Lords Hospital,109,0,109,65,0,65,0,0,0,9,0,9,9950698464,0144-2340145,23-Jun-2021 08:29:12
196,Alwar,Chc Rajgarh,28,0,28,15,0,15,0,0,0,0,0,0,9660159182,0144-2340145,25-Jun-2021 20:28:52
197,Alwar,Chc Thanagazi,5,0,5,20,0,20,0,0,0,0,0,0,01465224066,0144-2340145,25-Jun-2021 10:51:45
198,Alwar,"City Nursingh Home, Bhiwadi,Tijara, Alwar",29,2,27,12,0,12,8,0,8,0,0,0,9549788915,0144-2340145,24-Jun-2021 20:16:03
199,Alwar,Deepak Gupta Hospital,5,0,5,0,0,0,7,4,3,1,0,1,9818978341,0144-2340145,10-Jun-2021 13:12:07
200,Alwar,"Diamond Hospital, Alwar",2,0,2,8,0,8,7,0,7,1,0,1,01442702783,0144-2340145,24-Jun-2021 09:34:14
195,Alwar,Chc Pinan,27,0,27,3,0,3,0,0,0,0,0,0,9636013414,0144-2340145,25-Jun-2021 21:48:59
202,Alwar,ESIC,65,0,65,34,0,34,0,0,0,1,0,1,8696364099,0144-2340145,25-Jun-2021 21:18:30
203,Alwar,"Gupta Nursing Home, Alwar",0,0,0,20,0,20,10,1,9,0,0,0,9772548688,0144-2340145,25-Jun-2021 21:35:17
204,Alwar,"Hari ram Hospital, Bhiwadi, Tijara",30,2,28,15,0,15,5,0,5,0,0,0,7240000006,0144-2340145,25-Jun-2021 08:27:17
205,Alwar,"Harish Hospital, Alwar",0,0,0,12,0,12,6,0,6,2,0,2,7839128319,0144-2340145,17-Jun-2021 11:46:43
206,Alwar,"Heena Child Care Hospital , Lajpat Nagar Alwar",0,0,0,4,0,4,1,0,1,0,0,0,0144-4023651,0144-2340145,24-Jun-2021 10:55:54
207,Alwar,"Kailash Hospital Behror, Alwar",5,3,2,20,0,20,20,0,20,5,0,5,01494222444,0144-2340145,21-Jun-2021 18:04:14
201,Alwar,"ESI Hospital ,Bhiwadi, Alwar",32,0,32,16,1,15,0,0,0,2,0,2,9460827868,0144-2340145,25-Jun-2021 19:56:02
237,Banswara,"Jyotiba Phule Hostel, Banswara",28,0,28,0,0,0,0,0,0,0,0,0,029262242483,02962-251303,25-Jun-2021 20:13:49
236,Banswara,GOVT MAHATMA GANDHI HOSPITAL BANSWARA,109,1,108,148,4,144,13,0,13,21,3,18,02962242483,02962-251303,25-Jun-2021 21:26:06
235,Banswara,CHC Talwara,10,0,10,5,0,5,0,0,0,0,0,0,N,02962-251303,25-Jun-2021 15:03:41
234,Banswara,CHC Partapur,14,0,14,10,0,10,0,0,0,0,0,0,8955645970,02962-251303,25-Jun-2021 19:53:32
233,Banswara,CHC Kushalgarh,20,0,20,5,0,5,0,0,0,0,0,0,02965275264,02962-251303,25-Jun-2021 14:20:58
229,Banswara,CHC ANANDPURI,30,0,30,5,0,5,0,0,0,0,0,0,0,02962-251303,25-Jun-2021 20:14:01
231,Banswara,CHC CHOTA DUNGRA,20,0,20,5,0,5,0,0,0,0,0,0,7597516154,02962-251303,25-Jun-2021 20:19:20
230,Banswara,CHC BAGIDORA,20,0,20,5,2,3,0,0,0,0,0,0,7742352235,02962-251303,25-Jun-2021 20:12:03
228,Banswara,CHC CHHOTI SARVAN,12,0,12,5,0,5,0,0,0,0,0,0,9409538924,02962-251303,25-Jun-2021 14:15:57
232,Banswara,CHC GHATOL,20,0,20,5,0,5,0,0,0,0,0,0,02961235033,02962-251303,25-Jun-2021 20:19:10
243,Baran,CHC Mangrol,10,0,10,5,0,5,0,0,0,0,0,0,9166586154,07453-230451,25-Jun-2021 21:28:47
242,Baran,CHC Kelwara,15,0,15,10,0,10,0,0,0,0,0,0,9166444643,07453-230451,25-Jun-2021 09:32:14
241,Baran,CHC CHHIPABAROD,10,0,10,5,0,5,0,0,0,0,0,0,9610699585,07453-230451,25-Jun-2021 09:19:56
247,Baran,Radha Krishna Memorial Hospital and Reseach Center,14,0,14,5,0,5,5,0,5,0,0,0,9829615431,07453-230451,16-Jun-2021 08:26:49
239,Baran,CHC Anta,0,0,0,10,0,10,0,0,0,0,0,0,,07453-230451,25-Jun-2021 08:39:46
238,Baran,CHC ATRU,19,0,19,6,0,6,0,0,0,0,0,0,9784821518,07453-230451,24-Jun-2021 18:30:01
246,Baran,Priya Hospital Multi Speciality Baran,0,0,0,10,0,10,30,0,30,10,0,10,9829915153,07453-230451,18-Jun-2021 19:21:36
240,Baran,CHC CHHABADA,10,0,10,15,0,15,0,0,0,0,0,0,9001173475,07453-230451,25-Jun-2021 10:19:22
244,Baran,CHC Nahargarh,4,0,4,11,0,11,0,0,0,0,0,0,,07453-230451,25-Jun-2021 11:28:52
245,Baran,Government Hospital Baran,35,2,33,174,0,174,12,1,11,12,0,12,7453234560,07453-230451,24-Jun-2021 13:16:37
261,Barmer,CHC Siwana,25,0,25,5,0,5,0,0,0,0,0,0,9408090056,02982 -230462,25-Jun-2021 09:17:35
248,Barmer,Baba Ramdev Hospital and Research Center,18,0,18,18,0,18,2,0,2,0,0,0,8432313854,02982 -230462,17-Jun-2021 07:48:19
249,Barmer,Bishnoi Hospital Balotra,15,0,15,10,0,10,0,0,0,0,0,0,02988-222501,02982 -230462,25-Jun-2021 19:18:35
250,Barmer,CHC Bishala,5,0,5,5,0,5,0,0,0,0,0,0,7073736182,02982 -230462,16-Jun-2021 08:41:07
251,Barmer,CHC Detani,25,0,25,3,0,3,0,0,0,0,0,0,9001230229,02982 -230462,15-Jun-2021 19:16:28
252,Barmer,CHC Gadraroad,5,0,5,5,0,5,0,0,0,0,0,0,9783126902,02982 -230462,15-Jun-2021 10:38:46
253,Barmer,CHC Gida,20,0,20,5,0,5,0,0,0,0,0,0,9799207509,02982 -230462,15-Jun-2021 10:34:05
254,Barmer,CHC Jasol,10,0,10,5,0,5,0,0,0,0,0,0,,02982 -230462,16-Jun-2021 09:29:46
255,Barmer,CHC Kalyanpur,6,0,6,4,0,4,0,0,0,0,0,0,,02982 -230462,16-Jun-2021 08:14:25
256,Barmer,CHC Kawas,6,0,6,4,0,4,0,0,0,0,0,0,8005505669,02982 -230462,15-Jun-2021 10:28:56
258,Barmer,CHC Patodi,12,0,12,5,0,5,0,0,0,0,0,0,,02982 -230462,16-Jun-2021 10:01:59
259,Barmer,CHC Ranigaon,5,0,5,5,0,5,0,0,0,0,0,0,8890091335,02982 -230462,16-Jun-2021 10:09:30
260,Barmer,CHC Sedwa,12,0,12,12,0,12,0,0,0,0,0,0,02989294707,02982 -230462,25-Jun-2021 14:32:46
257,Barmer,CHC Pachpadra,10,0,10,5,0,5,0,0,0,0,0,0,9001892700,02982 -230462,19-Jun-2021 06:41:26
262,Barmer,Citylite BalOTRA,7,0,7,3,0,3,3,0,3,0,0,0,9414754779,02982 -230462,17-Jun-2021 08:30:51
269,Barmer,Siddhivinayak Hospital,12,0,12,0,0,0,0,0,0,0,0,0,9571271892,02982 -230462,25-Jun-2021 08:37:59
268,Barmer,Navjeevan Multispeciality and Maternity Hospital,28,5,23,0,0,0,2,0,2,0,0,0,9983204110,02982 -230462,16-Jun-2021 11:15:22
267,Barmer,Nahta Hospital Sub Dist Balotra,9,1,8,25,0,25,0,0,0,2,0,2,02988220910,02982 -230462,25-Jun-2021 10:39:26
266,Barmer,Krishna Hospital and Trauma Center Sindhari,10,0,10,7,0,7,3,0,3,0,0,0,,02982 -230462,15-Jun-2021 19:08:49
270,Barmer,THAR HOSPITAL AND MULTISPECIALITY CENTRE,10,0,10,13,0,13,5,0,5,1,0,1,02982-22300802982-223006,02982 -230462,16-Jun-2021 11:05:59
264,Barmer,Govt. Hospital barmer,50,0,50,152,18,134,0,0,0,36,5,31,"01562-250808, 01562-294082",02982 -230462,25-Jun-2021 10:06:34
263,Barmer,"Dhanwantri Hospital, Barmer",11,0,11,2,0,2,0,0,0,0,0,0,9610169999,02982 -230462,15-Jun-2021 10:33:11
265,Barmer,Hitkari HOSPITAL Balotra,32,11,21,12,0,12,3,0,3,1,0,1,9828412100,02982 -230462,15-Jun-2021 09:37:07
285,Bharatpur,Deshwar Hospital and Fracture Clinic,15,0,15,5,0,5,5,0,5,0,0,0,9667946250,05644-223660,23-Jun-2021 09:52:21
291,Bharatpur,RAJ Hospital,0,0,0,0,0,0,0,0,0,0,0,0,8905695525,05644-223660,25-Jun-2021 18:00:44
292,Bharatpur,Vijay Hospital,5,0,5,5,0,5,6,0,6,4,0,4,7877824527,05644-223660,18-Jun-2021 09:25:59
274,Bharatpur,CHC Chiksana,16,0,16,4,0,4,0,0,0,0,0,0,9414377022,05644-223660,21-Jun-2021 09:13:45
290,Bharatpur,R.B.M. Hospital,26,0,26,225,8,217,0,0,0,19,0,19,7427862648,05644-223660,25-Jun-2021 20:13:58
289,Bharatpur,Pradeep Hospital,4,0,4,15,0,15,6,0,6,0,0,0,8696777784,05644-223660,23-Jun-2021 10:25:41
288,Bharatpur,Mahila Polytechnic,17,0,17,70,0,70,0,0,0,0,0,0,05644-223660,05644-223660,17-Jun-2021 11:42:48
287,Bharatpur,MJ Hospital,0,0,0,24,0,24,6,0,6,0,0,0,7073999499,05644-223660,25-Jun-2021 13:21:41
286,Bharatpur,Jindal Hospital,0,0,0,0,0,0,0,0,0,0,0,0,9929711555,05644-223660,19-Jun-2021 07:24:33
284,Bharatpur,City Hospital,0,0,0,7,0,7,7,0,7,0,0,0,-,05644-223660,25-Jun-2021 08:55:18
273,Bharatpur,CHC Bhushawar,17,0,17,5,0,5,0,0,0,0,0,0,8619760850,05644-223660,25-Jun-2021 19:40:54
282,Bharatpur,CHC Weir,4,0,4,11,1,10,2,0,2,0,0,0,9887632200,05644-223660,25-Jun-2021 20:58:07
281,Bharatpur,CHC Roopwas,3,0,3,7,0,7,0,0,0,0,0,0,7014908691,05644-223660,25-Jun-2021 19:45:47
280,Bharatpur,CHC Pahadi,4,0,4,9,0,9,0,0,0,0,0,0,,05644-223660,23-Jun-2021 19:57:28
279,Bharatpur,CHC Nagar,19,0,19,6,0,6,0,0,0,0,0,0,9875029725,05644-223660,25-Jun-2021 20:02:42
278,Bharatpur,CHC Nadbai,5,0,5,10,0,10,0,0,0,0,0,0,9782824889,05644-223660,11-Jun-2021 09:08:31
277,Bharatpur,CHC Kumher,2,0,2,8,0,8,0,0,0,0,0,0,00000000000000000000000,05644-223660,18-Jun-2021 07:28:47
276,Bharatpur,CHC Kaman,7,0,7,25,0,25,0,0,0,0,0,0,,05644-223660,25-Jun-2021 22:12:17
275,Bharatpur,CHC Deeg,10,0,10,10,0,10,0,0,0,0,0,0,05641220142,05644-223660,25-Jun-2021 19:39:21
271,Bharatpur,Arora Hospital,4,0,4,4,0,4,10,6,4,0,0,0,-,05644-223660,25-Jun-2021 19:46:39
283,Bharatpur,Chaudhary Hospital,10,4,6,12,2,10,4,0,4,0,0,0,9828569234,05644-223660,25-Jun-2021 19:13:35
272,Bharatpur,CHC Bayana,13,0,13,25,0,25,0,0,0,0,0,0,9414336788,05644-223660,25-Jun-2021 17:14:18
309,Bhilwara,Krishna Hospital,0,0,0,34,0,34,15,1,14,2,0,2,8432535169,01482-232643,18-Jun-2021 10:36:58
310,Bhilwara,MGH hospital Bhilwara,20,0,20,170,16,154,4,0,4,46,10,36,9664454017,01482-232643,25-Jun-2021 09:53:05
311,Bhilwara,Porwal Hospital Pvt Ltd,54,0,54,54,0,54,5,0,5,1,0,1,9829946350,01482-232643,24-Jun-2021 20:10:24
312,Bhilwara,"RAMSNEHI CHIKITSALAYA and ANUSANDHAN KENDRA, BHILWARA",17,0,17,73,0,73,34,0,34,2,0,2,01482234100,01482-232643,25-Jun-2021 14:08:36
318,Bhilwara,TB HOSPITAL,0,0,0,24,6,18,0,0,0,0,0,0,0,01482-232643,18-Jun-2021 10:50:24
314,Bhilwara,Satellite Hospital Shahpura,0,0,0,25,0,25,0,0,0,0,0,0,01484222203,01482-232643,20-Jun-2021 09:34:46
315,Bhilwara,Shri Ambesh Hospital,0,0,0,0,0,0,0,0,0,0,0,0,000000000000000000,01482-232643,18-Jun-2021 10:42:58
316,Bhilwara,Smt Kesar Bai Soni Hospital,0,0,0,50,0,50,6,0,6,0,0,0,7791064556,01482-232643,25-Jun-2021 21:11:10
308,Bhilwara,CHC MANDAL,5,0,5,10,0,10,0,0,0,0,0,0,,01482-232643,18-Jun-2021 10:49:15
313,Bhilwara,SHRI SIDHI VINAYAK HOSPITAL BHILWARA,0,0,0,21,0,21,4,0,4,0,0,0,01482231900,01482-232643,18-Jun-2021 10:41:11
307,Bhilwara,CHC KOTRI,10,0,10,10,0,10,0,0,0,0,0,0,0,01482-232643,25-Jun-2021 20:07:25
317,Bhilwara,Swastik Hospital,0,0,0,25,0,25,8,0,8,7,0,7,8696924703,01482-232643,21-Jun-2021 10:25:38
305,Bhilwara,CHC GULABPURA,0,0,0,20,0,20,0,0,0,0,0,0,01483223099,01482-232643,25-Jun-2021 14:25:50
293,Bhilwara,AYUSH,0,0,0,0,0,0,0,0,0,0,0,0,01482232643,01482-232643,18-Jun-2021 10:37:36
306,Bhilwara,CHC KAREDA,5,0,5,7,0,7,0,0,0,0,0,0,9414575637,01482-232643,22-Jun-2021 09:01:28
294,Bhilwara,Agarwal Utsav Bhawan,35,0,35,65,16,49,0,0,0,0,0,0,,01482-232643,18-Jun-2021 10:52:16
296,Bhilwara,Brijesh Banger Memorial Hospital,0,0,0,70,0,70,16,0,16,4,0,4,7300151515,01482-232643,18-Jun-2021 19:45:28
297,Bhilwara,C.H.C. ASIND,0,0,0,25,1,24,0,0,0,0,0,0,01480 220 878,01482-232643,18-Jun-2021 10:43:31
298,Bhilwara,C.H.C. BIJOLIYA,5,0,5,15,0,15,0,0,0,0,0,0,8003422748,01482-232643,18-Jun-2021 10:46:56
295,Bhilwara,Arihant Hospital and Research Sansthan,13,0,13,51,0,51,0,0,0,5,0,5,01482253101,01482-232643,18-Jun-2021 10:31:53
300,Bhilwara,C.H.C. MANDALGARH,15,0,15,25,0,25,0,0,0,0,0,0,01489-230040,01482-232643,25-Jun-2021 10:08:08
301,Bhilwara,C.H.C. RAIPUR,0,0,0,15,0,15,0,0,0,0,0,0,+917976969998,01482-232643,25-Jun-2021 20:02:30
302,Bhilwara,C.H.C. JAHAZPUR,10,0,10,15,0,15,0,0,0,0,0,0,01485230102,01482-232643,18-Jun-2021 10:55:23
303,Bhilwara,CHC BADNOR,10,0,10,10,0,10,0,0,0,0,0,0,01480226039,01482-232643,18-Jun-2021 10:49:57
304,Bhilwara,CHC BANERA,14,0,14,6,0,6,0,0,0,0,0,0,123,01482-232643,18-Jun-2021 10:49:00
299,Bhilwara,C.H.C. GANGAPUR,0,0,0,30,0,30,0,0,0,0,0,0,01481220550,01482-232643,18-Jun-2021 10:47:32
331,Bikaner,DTM hospital,34,0,34,45,3,42,22,6,16,4,2,2,0151 2222052/53,0151-2204989,08-Jun-2021 20:15:34
338,Bikaner,SHQ HOSPITAL BSF BIKANER,17,0,17,3,0,3,0,0,0,0,0,0,01512941726,0151-2204989,13-Jun-2021 21:07:08
337,Bikaner,SDM BIKANER,30,0,30,50,0,50,0,0,0,0,0,0,9950330199,0151-2204989,22-Jun-2021 13:47:22
336,Bikaner,S P Medical College Bikaner,301,1,300,477,36,441,0,0,0,82,22,60,01512520800,0151-2204989,25-Jun-2021 21:31:03
335,Bikaner,MN Hospital and Research Center,30,0,30,23,0,23,10,0,10,2,0,2,8875904888,0151-2204989,25-Jun-2021 20:03:11
333,Bikaner,"JEEVAN RAKSHA HOSPITAL, HANSA GUEST HOUSE, NOKHA ROAD, BIKANER",45,0,45,15,0,15,8,0,8,2,0,2,8690383229,0151-2204989,09-Jun-2021 15:19:50
332,Bikaner,GOVINDAM MULTISPECLIATY HOSPITAL AND TRAMA CENTRE,25,2,23,18,1,17,5,0,5,3,0,3,0151-2204989,0151-2204989,10-Jun-2021 09:34:48
330,Bikaner,"DIVISONAL RAILWAY HOSPITAL LALGARH, BIKANER",0,0,0,35,2,33,2,2,0,3,0,3,6377202857,0151-2204989,25-Jun-2021 14:24:58
334,Bikaner,KOTHARI MEDICAL AND RESEARCH INSTITUTE,27,0,27,61,0,61,7,0,7,4,0,4,7073759759,0151-2204989,23-Jun-2021 20:11:13
328,Bikaner,CHC NOKHA,10,0,10,20,0,20,0,0,0,0,0,0,9413105787,0151-2204989,22-Jun-2021 14:40:47
329,Bikaner,CHC PUGAL,10,0,10,6,0,6,0,0,0,0,0,0,,0151-2204989,25-Jun-2021 13:04:02
319,Bikaner,"187 Military Hospital, Bikaner",50,2,48,5,0,5,3,0,3,2,1,1,0151 2728103,0151-2204989,23-Jun-2021 20:06:34
321,Bikaner,CHC BAJJU,5,0,5,10,0,10,0,0,0,0,0,0,8947091954,0151-2204989,08-Jun-2021 19:05:45
322,Bikaner,CHC CHATTARGARH,0,0,0,5,0,5,0,0,0,0,0,0,,0151-2204989,25-Jun-2021 20:02:07
320,Bikaner,CHC KOLAYAT,3,0,3,7,0,7,0,0,0,0,0,0,9549026339,0151-2204989,25-Jun-2021 10:39:06
324,Bikaner,CHC DUNGARGARH,10,0,10,10,0,10,0,0,0,0,0,0,01565223375,0151-2204989,25-Jun-2021 14:20:57
325,Bikaner,CHC KHAJUWALA,20,0,20,5,0,5,0,0,0,0,0,0,0151 2728103,0151-2204989,25-Jun-2021 14:20:31
326,Bikaner,CHC LUNKARANSAR,10,0,10,12,0,12,0,0,0,0,0,0,9414956392,0151-2204989,25-Jun-2021 20:51:19
327,Bikaner,CHC MAHAJAN,8,0,8,2,0,2,0,0,0,0,0,0,,0151-2204989,25-Jun-2021 22:00:57
323,Bikaner,CHC DESHNOK,4,0,4,6,0,6,0,0,0,0,0,0,9928352750,0151-2204989,25-Jun-2021 20:50:58
352,Bundi,Pt.Brij Sundar Sharma GH,20,2,18,44,0,44,0,0,0,6,0,6,07472442895,0747-2442895,25-Jun-2021 21:02:00
351,Bundi,CHC Talera,15,0,15,5,0,5,0,0,0,0,0,0,2438530,0747-2442895,18-Jun-2021 21:37:13
350,Bundi,CHC Nainwa,13,0,13,0,0,0,0,0,0,0,0,0,9414962948,0747-2442895,14-Jun-2021 11:53:34
349,Bundi,CHC Lakheri,11,3,8,11,3,8,0,0,0,0,0,0,9460033822,0747-2442895,14-Jun-2021 11:55:45
348,Bundi,CHC Kapren,20,0,20,8,0,8,0,0,0,0,0,0,9799161544,0747-2442895,14-Jun-2021 11:55:15
347,Bundi,CHC K.Patan,12,0,12,0,0,0,0,0,0,0,0,0,9413085985,0747-2442895,14-Jun-2021 11:54:48
345,Bundi,CHC Hindoli,14,1,13,14,1,13,0,0,0,0,0,0,7014608586,0747-2442895,14-Jun-2021 11:57:32
344,Bundi,CHC Dei,5,0,5,3,0,3,0,0,0,0,0,0,9828782807,0747-2442895,14-Jun-2021 11:54:23
343,Bundi,CHC Dabi,25,0,25,0,0,0,0,0,0,0,0,0,9929408068,0747-2442895,14-Jun-2021 11:56:42
342,Bundi,CHC Basoli,2,0,2,2,0,2,0,0,0,0,0,0,9950577337,0747-2442895,14-Jun-2021 11:59:22
341,Bundi,CHC Alod,13,0,13,0,0,0,0,0,0,0,0,0,7300362204,0747-2442895,14-Jun-2021 11:57:59
340,Bundi,Bundi Hospital and Research Center,0,0,0,0,0,0,0,0,0,0,0,0,07472442230,0747-2442895,14-Jun-2021 11:58:26
346,Bundi,CHC Indergrah,9,0,9,2,2,0,0,0,0,0,0,0,9521496842,0747-2442895,14-Jun-2021 11:57:08
339,Bundi,"Anurag Nursing Home, Bundi",8,0,8,0,0,0,0,0,0,0,0,0,9829035666,0747-2442895,14-Jun-2021 11:58:55
367,Chittorgarh,Sub District Hospital Nimbahera,100,0,100,0,0,0,0,0,0,0,0,0,01477223137,01472-240088,24-Jun-2021 10:49:19
365,Chittorgarh,M.P. Birla Hospital and Research centre,2,0,2,28,0,28,0,0,0,0,0,0,01472-260111,01472-240088,25-Jun-2021 20:58:15
364,Chittorgarh,J K Community Center Nimbaheda,50,0,50,50,0,50,0,0,0,2,0,2,01477223137,01472-240088,24-Jun-2021 10:49:07
363,Chittorgarh,"Covid Hospital, DCH CoR",0,0,0,70,0,70,4,0,4,6,0,6,01472294411,01472-240088,16-Jun-2021 14:23:56
362,Chittorgarh,Community Health Center Rawat Bhata,5,0,5,40,0,40,0,0,0,0,0,0,7297893108,01472-240088,24-Jun-2021 07:53:21
361,Chittorgarh,Community Health Center Bengun,17,0,17,0,0,0,0,0,0,0,0,0,,01472-240088,25-Jun-2021 10:29:11
366,Chittorgarh,Sri Sanvariya Govt. Hospital,10,0,10,35,5,30,5,2,3,8,0,8,01472294411,01472-240088,25-Jun-2021 10:22:08
359,Chittorgarh,"Community Health Center,Bhopal Sagar",10,0,10,10,0,10,0,0,0,0,0,0,01476224238,01472-240088,25-Jun-2021 19:05:25
360,Chittorgarh,"Community Health Center,Mandfiya",10,0,10,10,0,10,0,0,0,0,0,0,9001990411,01472-240088,15-Jun-2021 09:28:44
353,Chittorgarh,"Community Health Center,Dungla",4,0,4,6,0,6,0,0,0,0,0,0,+919460985061,01472-240088,25-Jun-2021 19:30:37
354,Chittorgarh,"Community Health Center,Rashmi",20,0,20,5,0,5,0,0,0,0,0,0,01471226371,01472-240088,11-Jun-2021 10:26:36
357,Chittorgarh,"Community Health Center, Kapasan",38,9,29,12,0,12,0,0,0,0,0,0,,01472-240088,25-Jun-2021 16:40:44
356,Chittorgarh,"Community Health Center, Gangrar",11,0,11,9,0,9,0,0,0,0,0,0,8764725853,01472-240088,25-Jun-2021 20:05:09
358,Chittorgarh,"Community Health Center,Badi Sadari",10,2,8,10,0,10,0,0,0,0,0,0,8875708428,01472-240088,17-Jun-2021 20:15:49
355,Chittorgarh,"Community Health Center, Bassi",15,0,15,6,0,6,0,0,0,0,0,0,9414730077,01472-240088,11-Jun-2021 14:54:08
383,Churu,"Smt. Sheela goyal Hospital, Churu",7,0,7,3,0,3,3,0,3,0,0,0,9782174451,01562-294082,25-Jun-2021 09:50:14
382,Churu,"Mohta Hospital, Rajgarh",25,0,25,5,0,5,20,0,20,0,0,0,6376060250,01562-294082,25-Jun-2021 11:45:23
381,Churu,"M.R.M. Choudhay Hospital, Churu",1,0,1,1,0,1,2,0,2,1,0,1,9887026122,01562-294082,25-Jun-2021 11:24:43
380,Churu,"Life Care Hospital, Churu",18,0,18,6,0,6,6,0,6,0,0,0,9828764015,01562-294082,25-Jun-2021 11:45:58
378,Churu,"Heart Care Hospital, Churu",14,0,14,13,2,11,0,0,0,0,0,0,9782306290,01562-294082,25-Jun-2021 09:55:23
377,Churu,"H.N. Hospital, Churu",40,0,40,4,0,4,5,0,5,1,0,1,9610117874,01562-294082,25-Jun-2021 11:19:43
375,Churu,CHC TARANAGAR,2,0,2,8,0,8,0,0,0,0,0,0,9414322242,01562-294082,25-Jun-2021 10:43:52
374,Churu,CHC SARDARSHAHAR,17,0,17,8,1,7,0,0,0,0,0,0,01564222565,01562-294082,25-Jun-2021 09:03:41
372,Churu,CHC RATANNAGAR,2,0,2,13,0,13,0,0,0,0,0,0,,01562-294082,25-Jun-2021 10:28:03
371,Churu,CHC RAJGARH,21,0,21,4,0,4,0,0,0,0,0,0,9461808477,01562-294082,25-Jun-2021 22:07:18
370,Churu,CHC RAJELDESHAR,5,0,5,10,0,10,0,0,0,0,0,0,7742056166,01562-294082,25-Jun-2021 21:42:43
369,Churu,CHC BIDASAR,8,0,8,7,0,7,0,0,0,0,0,0,9929346709- 9887428341,01562-294082,25-Jun-2021 11:10:00
368,Churu,Bagaria Hospital Sujangarh,20,5,15,50,0,50,0,0,0,0,0,0,9982023749,01562-294082,25-Jun-2021 08:31:04
376,Churu,Govt. DBH General Hospital Churu,75,0,75,100,10,90,0,0,0,25,2,23,01562294082,01562-294082,25-Jun-2021 20:57:45
373,Churu,CHC SALASAR,15,0,15,10,0,10,0,0,0,0,0,0,9460566193,01562-294082,25-Jun-2021 08:51:05
379,Churu,Jalan Hospital Ratangarh,10,0,10,40,6,34,0,0,0,0,0,0,01567-2226130,01562-294082,25-Jun-2021 20:17:50
384,Churu,"Soni Hospital, Rajgarh",5,0,5,5,0,5,20,0,20,0,0,0,8279015569,01562-294082,16-Jun-2021 08:54:09
387,Dausa,CHC Lalsot,20,0,20,20,0,20,0,0,0,0,0,0,9351646587,7891510014,25-Jun-2021 14:39:24
386,Dausa,CHC Bandikui,0,0,0,20,0,20,0,0,0,0,0,0,7891510502,7891510014,25-Jun-2021 20:02:12
385,Dausa,Bhandarej,4,0,4,10,0,10,0,0,0,0,0,0,7976367189,7891510014,25-Jun-2021 16:31:31
388,Dausa,CHC Mahwa,20,0,20,10,0,10,0,0,0,0,0,0,9461626327,7891510014,25-Jun-2021 09:54:40
389,Dausa,Geejgarh,5,0,5,10,0,10,0,0,0,0,0,0,,7891510014,25-Jun-2021 17:35:57
390,Dausa,PMO Dausa,25,0,25,85,1,84,0,0,0,6,1,5,8290335800,7891510014,25-Jun-2021 19:49:27
391,Dholpur,CHC Basedi,0,0,0,10,0,10,0,0,0,0,0,0,9414693753,05642-220733,25-Jun-2021 20:53:01
392,Dholpur,CHC Kanchanpur,10,0,10,5,0,5,0,0,0,0,0,0,8094603444,05642-220733,25-Jun-2021 20:51:44
393,Dholpur,CHC Maniya,50,0,50,10,0,10,0,0,0,0,0,0,9414027388,05642-220733,25-Jun-2021 20:49:44
394,Dholpur,CHC Rajakeda,12,0,12,8,0,8,4,0,4,0,0,0,8107435121,05642-220733,25-Jun-2021 20:54:55
395,Dholpur,CHC Saipau,20,2,18,10,0,10,0,0,0,0,0,0,NO,05642-220733,25-Jun-2021 20:50:43
396,Dholpur,CHC Sarmathura,10,0,10,10,0,10,0,0,0,0,0,0,9461696567,05642-220733,25-Jun-2021 20:56:33
397,Dholpur,District Hospital,0,0,0,131,2,129,0,0,0,21,0,21,7691837290,05642-220733,25-Jun-2021 20:54:13
398,Dholpur,SDH Bari Dholpur,19,0,19,21,0,21,0,0,0,0,0,0,7357775030,05642-220733,25-Jun-2021 20:48:02
411,Dungarpur,SMART CARE HOSPITAL,18,1,17,0,0,0,6,0,6,0,0,0,8780606930,02964-232486,11-Jun-2021 13:25:45
410,Dungarpur,Pandit Deendayal Upadhyay Hospital Sagwara,21,0,21,37,0,37,0,0,0,0,0,0,9782135901,02964-232486,25-Jun-2021 10:54:50
409,Dungarpur,Medical Collage Hospital Dungarpur,165,0,165,117,6,111,10,0,10,13,1,12,9413885392,02964-232486,25-Jun-2021 20:30:12
408,Dungarpur,M.M Patidar Hospital,40,0,40,20,0,20,0,0,0,0,0,0,8107441641,02964-232486,24-Jun-2021 09:53:26
407,Dungarpur,CHC Simalwara,20,0,20,10,0,10,0,0,0,0,0,0,8107865341,02964-232486,23-Jun-2021 14:19:10
412,Dungarpur,Zeel Multispeciality Hospital (NZ Health andMedicare Center),5,0,5,64,0,64,34,2,32,7,2,5,09462996299,02964-232486,25-Jun-2021 09:27:31
405,Dungarpur,CHC Obri,10,0,10,10,0,10,0,0,0,0,0,0,8233773322,02964-232486,25-Jun-2021 10:21:20
404,Dungarpur,CHC Genji,5,0,5,5,0,5,0,0,0,0,0,0,8005693881,02964-232486,25-Jun-2021 21:00:55
403,Dungarpur,CHC Galiyakot,2,0,2,11,1,10,0,0,0,0,0,0,9829910885,02964-232486,25-Jun-2021 20:01:08
402,Dungarpur,CHC Damri,7,0,7,3,0,3,0,0,0,0,0,0,9636479841,02964-232486,17-Jun-2021 09:55:15
399,Dungarpur,CHC Aspur,10,0,10,15,0,15,0,0,0,0,0,0,9983712332,02964-232486,09-Jun-2021 22:36:32
400,Dungarpur,CHC Bichhiwara,6,0,6,4,0,4,0,0,0,0,0,0,8769678964,02964-232486,21-Jun-2021 08:20:56
401,Dungarpur,CHC Chikhali,0,0,0,10,0,10,0,0,0,0,0,0,8619562849,02964-232486,24-Jun-2021 08:59:24
406,Dungarpur,CHC Sabla,7,0,7,41,0,41,0,0,0,0,0,0,7424998012,02964-232486,25-Jun-2021 14:39:51
428,Ganganagar,"Tantia General Hospital , Shriganganagar",10,1,9,22,1,21,22,0,22,4,1,3,,0154-2445071,25-Jun-2021 19:43:05
427,Ganganagar,SURATGRAH TROMA CENTER,0,0,0,30,3,27,0,0,0,0,0,0,01509220075,0154-2445071,25-Jun-2021 08:56:21
426,Ganganagar,PMG Hospital,10,0,10,23,0,23,10,4,6,2,0,2,01542473500,0154-2445071,25-Jun-2021 14:11:04
425,Ganganagar,Medanta S.N. superspecialty hospital,58,3,55,30,1,29,10,2,8,2,1,1,7413834560,0154-2445071,25-Jun-2021 21:28:46
424,Ganganagar,Jubin Hospital,0,0,0,35,0,35,5,0,5,3,0,3,9509300039,0154-2445071,14-Jun-2021 10:41:00
423,Ganganagar,"Jan Sewa Hospital, Sriganganagar",136,0,136,30,3,27,14,0,14,10,1,9,"9928100292, 9928100262",0154-2445071,25-Jun-2021 19:42:11
420,Ganganagar,CHC SADULSAHAR,10,2,8,5,0,5,0,0,0,0,0,0,9413712290,0154-2445071,25-Jun-2021 09:57:56
421,Ganganagar,CHC SURATGARH,8,0,8,2,0,2,0,0,0,0,0,0,01509-220075,0154-2445071,14-Jun-2021 14:20:01
419,Ganganagar,CHC RAISINGHNAGAR,0,0,0,15,0,15,0,0,0,0,0,0,233205,0154-2445071,24-Jun-2021 08:00:17
418,Ganganagar,CHC PADAMPUR,25,0,25,0,0,0,0,0,0,0,0,0,01505234050,0154-2445071,18-Jun-2021 11:22:26
417,Ganganagar,CHC KARANPUR,10,0,10,10,3,7,0,0,0,0,0,0,01501-228763,0154-2445071,25-Jun-2021 09:30:33
416,Ganganagar,CHC GHARSANA,5,0,5,13,1,12,0,0,0,0,0,0,+91506250110,0154-2445071,25-Jun-2021 13:59:42
415,Ganganagar,CHC CHUNWADH,14,0,14,6,0,6,0,0,0,0,0,0,01542763669,0154-2445071,25-Jun-2021 15:32:37
414,Ganganagar,CHC ANOOPGARH,15,0,15,15,1,14,0,0,0,0,0,0,,0154-2445071,25-Jun-2021 20:48:26
413,Ganganagar,Astha Kidney General hospital,6,0,6,20,2,18,11,0,11,3,0,3,6375573330,0154-2445071,25-Jun-2021 13:39:53
422,Ganganagar,GOVT. DISTT. HOSPITAL,55,2,53,160,9,151,5,2,3,5,1,4,........................,0154-2445071,25-Jun-2021 19:31:33
437,Hanumangarh,Vivekanand Swasthya Sewa Samiti,20,2,18,26,6,20,4,4,0,4,0,4,0154-223940,01552-261190,09-Jun-2021 15:52:06
435,Hanumangarh,HISSARIA MULTI SPECIALITY HOSPITAL HANUMANGARH TOWN,28,0,28,0,0,0,2,0,2,0,0,0,7728932227,01552-261190,23-Jun-2021 08:04:28
436,Hanumangarh,Mahatma Gandhi Memorial Govt. Hospital,4,0,4,48,2,46,0,0,0,10,3,7,01552231399,01552-261190,25-Jun-2021 19:45:37
433,Hanumangarh,CHC TIBBI,0,0,0,8,0,8,0,0,0,0,0,0,,01552-261190,14-Jun-2021 21:19:36
434,Hanumangarh,Government Hospital Rawatsar,26,0,26,19,0,19,0,0,0,0,0,0,01537250068,01552-261190,21-Jun-2021 10:17:28
430,Hanumangarh,CHC Nohar,10,0,10,30,3,27,0,0,0,0,0,0,01555 221502,01552-261190,25-Jun-2021 19:56:24
431,Hanumangarh,CHC PILIBANGA,0,0,0,10,0,10,0,0,0,0,0,0,01580233112,01552-261190,25-Jun-2021 19:36:46
429,Hanumangarh,CHC Bhadara,4,0,4,25,0,25,0,0,0,1,0,1,01504223940,01552-261190,25-Jun-2021 14:21:11
432,Hanumangarh,CHC SANGRIA,0,0,0,16,0,16,0,0,0,0,0,0,181,01552-261190,25-Jun-2021 08:39:10
520,Jaipur,PINK VINAYAK HOSPITAL DULESVAR GARDAN,25,0,25,25,0,25,5,0,5,3,0,3,7206623053,0141-2605858,25-Jun-2021 19:34:39
500,Jaipur,Krishiv Hospital Vaishali,0,0,0,22,0,22,15,0,15,13,2,11,"9251023775, 8980829090",0141-2605858,25-Jun-2021 16:13:12
499,Jaipur,Khandelwal Heart Institute Vidhyadhar Nagar,0,0,0,7,0,7,2,0,2,1,0,1,7737014388,0141-2605858,25-Jun-2021 08:11:20
498,Jaipur,Khandaka Hospital,6,0,6,8,0,8,3,0,3,3,0,3,00,0141-2605858,25-Jun-2021 15:26:56
497,Jaipur,K.R.M Hospital,15,0,15,40,0,40,9,0,9,2,0,2,9166212336,0141-2605858,25-Jun-2021 16:11:49
496,Jaipur,Jyoti Nursing Home Jaipur,10,0,10,30,1,29,3,0,3,2,0,2,9314404024,0141-2605858,25-Jun-2021 16:10:09
495,Jaipur,Jeevan Rekha Hospital,0,0,0,25,0,25,6,0,6,3,0,3,0141-5155050,0141-2605858,25-Jun-2021 20:21:53
494,Jaipur,Jan Kalyan Hospital Chomu,0,0,0,0,0,0,0,0,0,0,0,0,,0141-2605858,23-Jun-2021 13:02:00
501,Jaipur,M.J.F. HOSPITAL CHOMU,10,0,10,10,0,10,5,0,5,5,0,5,9829269004,0141-2605858,25-Jun-2021 17:39:52
493,Jaipur,Jaipuria hospital,105,85,20,151,1,150,3,3,0,21,4,17,01412553358,0141-2605858,25-Jun-2021 20:02:34
491,Jaipur,Jaipur Durbeen Hospital Sodala,15,10,5,25,0,25,4,0,4,0,0,0,9829043953,0141-2605858,22-Jun-2021 10:59:19
490,Jaipur,JEEVAN RAKSHA MALTI SPECILITY HOSPITAL KHATIPURA ROAD,30,0,30,35,1,34,5,0,5,3,1,2,"01416655892 , 9001969740",0141-2605858,25-Jun-2021 16:26:29
489,Jaipur,JAIN ENT HOSPITAL,5,5,0,0,0,0,0,0,0,0,0,0,,0141-2605858,25-Jun-2021 20:24:41
488,Jaipur,Indus Hospital,38,0,38,50,0,50,4,0,4,8,0,8,9680030356,0141-2605858,25-Jun-2021 20:00:38
487,Jaipur,Imperial Hospital and Research Centre,0,0,0,5,0,5,0,0,0,3,1,2,9549006777,0141-2605858,25-Jun-2021 10:08:16
486,Jaipur,Heart and General Hospital,5,0,5,15,0,15,15,2,13,5,0,5,9352238111,0141-2605858,25-Jun-2021 08:26:59
485,Jaipur,HCG Cancer Hospital,0,0,0,30,0,30,0,0,0,0,0,0,,0141-2605858,25-Jun-2021 15:04:03
484,Jaipur,GUPTA CHEST AND GENEREL HOSPITAL KALWAD ROAD HOSPITAL KALWAD ROAD,30,0,30,26,0,26,5,0,5,2,0,2,,0141-2605858,25-Jun-2021 15:41:30
492,Jaipur,Jaipur National University Institute for Medical Sciences and Research Center Jaipur,320,0,320,22,0,22,30,0,30,28,0,28,0141 7199012,0141-2605858,25-Jun-2021 14:31:29
502,Jaipur,MANAS HOSPITAL HEERAPURA ROAD,0,0,0,0,0,0,0,0,0,0,0,0,8104040163,0141-2605858,22-Jun-2021 14:28:54
503,Jaipur,MEXWELL MULIT SPECILITY AND GENERAL HOSPITAL PEETAL FACTORY,0,0,0,0,0,0,0,0,0,0,0,0,,0141-2605858,
504,Jaipur,Maharaj Vinayak General Hospital,23,0,23,15,0,15,12,0,12,4,0,4,9785400723 8875484888 8209112988,0141-2605858,25-Jun-2021 21:03:39
519,Jaipur,Om Hospital and Trauma Center,10,0,10,15,0,15,22,0,22,3,0,3,9950370110/8764011010,0141-2605858,25-Jun-2021 13:31:13
522,Jaipur,R.N. Multi Speciality Hospital Nirman Nagar,6,0,6,13,0,13,2,0,2,1,0,1,,0141-2605858,25-Jun-2021 19:26:14
518,Jaipur,"Narayana Multispeciality Hospital, Jaipur",2,0,2,4,0,4,2,0,2,2,0,2,01417122200 8696950077,0141-2605858,25-Jun-2021 21:04:42
517,Jaipur,NIMS HOSPITAL JAIPUR,140,0,140,25,2,23,30,1,29,55,0,55,9784717000,0141-2605858,25-Jun-2021 09:02:35
516,Jaipur,Monilek Hospital,45,0,45,45,0,45,4,0,4,7,0,7,"8949379459, 7221000123",0141-2605858,25-Jun-2021 16:22:02
515,Jaipur,Monica hospital,6,0,6,12,0,12,6,0,6,1,0,1,9352790668,0141-2605858,25-Jun-2021 14:05:54
514,Jaipur,Military Hospital,12,0,12,101,0,101,0,0,0,7,0,7,8890014418,0141-2605858,25-Jun-2021 21:07:06
513,Jaipur,"Metro city Hospital , Jhotwara",5,0,5,14,0,14,9,0,9,1,0,1,9667059913,0141-2605858,25-Jun-2021 16:20:44
512,Jaipur,Metro MAS Hospital Jaipur,18,0,18,18,0,18,7,0,7,3,0,3,7665009641,0141-2605858,25-Jun-2021 20:43:35
511,Jaipur,Maxwell Hospital,23,0,23,23,0,23,7,0,7,7,0,7,0141-2283683,0141-2605858,23-Jun-2021 10:56:04
510,Jaipur,Marudhar Hospital,5,0,5,2,0,2,2,0,2,1,0,1,"0141-2356944, 7221000123",0141-2605858,25-Jun-2021 20:00:59
509,Jaipur,Manjeet Institute of Critical care Viddhyadhar Nagar,0,0,0,20,4,16,20,3,17,0,0,0,9950218999,0141-2605858,25-Jun-2021 18:56:42
508,Jaipur,Manipal Hospitals Jaipur,10,0,10,50,7,43,15,5,10,15,4,11,8003898907,0141-2605858,24-Jun-2021 11:06:51
507,Jaipur,Mahila Chikitsalaya Sanganeri Gate,20,20,0,20,0,20,10,0,10,10,0,10,0141-2617824,0141-2605858,25-Jun-2021 14:40:43
506,Jaipur,Mahatma Gandhi Hospital Jaipur,0,0,0,350,0,350,50,2,48,80,1,79,8306998891,0141-2605858,25-Jun-2021 20:03:41
505,Jaipur,Maharaja Agarsen Hospital,0,0,0,0,0,0,11,0,11,7,2,5,9784837830,0141-2605858,24-Jun-2021 09:10:00
483,Jaipur,GP Shekhawati Hospital,0,0,0,42,1,41,22,0,22,6,0,6,+91 7728-852929,0141-2605858,25-Jun-2021 07:54:39
521,Jaipur,Pooja hospital,0,0,0,4,0,4,5,2,3,5,1,4,9694000116,0141-2605858,08-Jun-2021 20:58:49
482,Jaipur,Fortis Hosptial,0,0,0,85,0,85,30,4,26,10,0,10,9602541710,0141-2605858,25-Jun-2021 13:58:08
458,Jaipur,CHC Jobner,10,0,10,10,0,10,0,0,0,0,0,0,01425-254220,0141-2605858,25-Jun-2021 14:55:45
480,Jaipur,"ESIC MODEL HOSPITAL, JAIPUR",140,0,140,60,0,60,0,0,0,0,0,0,01412228038,0141-2605858,25-Jun-2021 20:13:34
455,Jaipur,CHC Bichoon,50,0,50,18,0,18,0,0,0,0,0,0,9079116498,0141-2605858,25-Jun-2021 14:09:18
454,Jaipur,CHC Bassi,20,1,19,10,0,10,0,0,0,0,0,0,01429294213,0141-2605858,25-Jun-2021 14:27:49
453,Jaipur,CHC AMER,1,0,1,5,0,5,0,0,0,0,0,0,1,0141-2605858,25-Jun-2021 19:54:22
452,Jaipur,C K Birla Hospital,0,0,0,6,0,6,12,1,11,1,0,1,9549022994,0141-2605858,25-Jun-2021 15:59:33
451,Jaipur,"Bhandhari Hospital and Research Center, Jaipur",7,0,7,36,0,36,7,0,7,7,0,7,8003295163,0141-2605858,25-Jun-2021 12:36:22
450,Jaipur,Bhagwan Mahaveer Cancer Hospital,28,1,27,10,0,10,0,0,0,0,0,0,0141-2700107,0141-2605858,25-Jun-2021 20:21:50
449,Jaipur,"Balaji Soni Hospital, Bagru",32,0,32,14,0,14,4,0,4,0,0,0,99290597849929059784,0141-2605858,25-Jun-2021 15:21:39
448,Jaipur,BDM kotputli,70,0,70,30,2,28,0,0,0,0,0,0,9116534500,0141-2605858,25-Jun-2021 21:10:06
457,Jaipur,CHC JAMWA RAMGARH,10,0,10,10,0,10,0,0,0,0,0,0,9829320343,0141-2605858,25-Jun-2021 13:57:23
447,Jaipur,B.L. Choudray Hospital Kalwad road jhotwara,22,3,19,20,0,20,4,0,4,4,0,4,9571178373,0141-2605858,25-Jun-2021 20:05:29
445,Jaipur,Asthma Bhawan,0,0,0,35,0,35,7,0,7,0,0,0,83021 99357,0141-2605858,25-Jun-2021 19:15:52
444,Jaipur,Asopa Hospital,0,0,0,7,0,7,7,0,7,1,0,1,0141-2246161,0141-2605858,25-Jun-2021 15:25:06
443,Jaipur,Asian Cancer Hospital,0,0,0,20,0,20,0,0,0,0,0,0,9413849602,0141-2605858,25-Jun-2021 19:16:21
442,Jaipur,"Amer Medical and Research Hospital, Mansarovar",3,0,3,36,0,36,11,0,11,10,0,10,8000126320,0141-2605858,25-Jun-2021 13:52:19
441,Jaipur,Advanced Neurology and Super speciality Hospital,0,0,0,13,1,12,4,0,4,3,0,3,0141-2724258,0141-2605858,25-Jun-2021 17:09:11
440,Jaipur,Aanch Hospital,0,0,0,17,0,17,11,0,11,4,0,4,8949192003,0141-2605858,25-Jun-2021 15:22:17
439,Jaipur,APEX HOSPITALS PVT.LTD,18,0,18,20,0,20,20,0,20,10,0,10,8306177764,0141-2605858,25-Jun-2021 14:10:20
438,Jaipur,AARYA HOSPITAL JLN MARG,0,0,0,0,0,0,0,0,0,0,0,0,,0141-2605858,
446,Jaipur,"Avani Meternity And General Hospital, 22 Godam",10,0,10,20,0,20,6,0,6,0,0,0,,0141-2605858,25-Jun-2021 20:01:11
481,Jaipur,"ETERNAL HOSPITAL, JAIPUR",5,0,5,63,0,63,41,0,41,4,0,4,"0141-5174000, 2774000 ,9549651555",0141-2605858,25-Jun-2021 14:48:15
459,Jaipur,CHC Kothkhawada,10,0,10,10,0,10,0,0,0,0,0,0,9829208032,0141-2605858,25-Jun-2021 17:27:30
461,Jaipur,CHC PAWTA,5,0,5,5,0,5,0,0,0,0,0,0,0,0141-2605858,25-Jun-2021 12:50:16
479,Jaipur,"Dhanwantri Hospital and Research Center, Jaipur",0,0,0,10,0,10,12,1,11,8,2,6,6375285763,0141-2605858,25-Jun-2021 15:27:13
478,Jaipur,"Deep Hospital and Research Center, Jaipur",12,0,12,28,0,28,12,0,12,4,0,4,0141-2466330,0141-2605858,25-Jun-2021 12:56:15
477,Jaipur,"Danashivam Hospital, Jaipur",8,0,8,16,0,16,7,0,7,1,0,1,0141-223220,0141-2605858,25-Jun-2021 15:33:39
476,Jaipur,DESHBANDHU ENT HOSPITAL,10,0,10,10,0,10,8,2,6,0,0,0,0141 402 4043,0141-2605858,31-May-2021 09:25:09
475,Jaipur,Criticonix Khandaka Hospital,0,0,0,15,0,15,7,0,7,3,0,3,9928180283,0141-2605858,25-Jun-2021 20:15:50
474,Jaipur,"Covid Care Centre, Radha Soami Satsang Beas, Bilwa",0,0,0,0,0,0,0,0,0,0,0,0,7023557768,0141-2605858,03-Jun-2021 21:55:00
473,Jaipur,"Chirayu Hospital, Jaipur",0,0,0,57,0,57,19,3,16,9,0,9,7230025066,0141-2605858,25-Jun-2021 19:23:40
472,Jaipur,CRADLE CHILDREN HOSPITAL VAISALI NAGAR,0,0,0,6,0,6,6,0,6,2,0,2,0141-6761628,0141-2605858,25-Jun-2021 15:31:43
460,Jaipur,CHC NARHEDA,20,0,20,20,1,19,0,0,0,0,0,0,9530178090,0141-2605858,25-Jun-2021 12:46:00
471,Jaipur,CKS Hospitals,5,0,5,10,0,10,10,0,10,10,0,10,7230001367,0141-2605858,25-Jun-2021 08:23:24
469,Jaipur,CHC Tunga,6,0,6,4,0,4,0,0,0,0,0,0,7374004599,0141-2605858,25-Jun-2021 20:32:56
468,Jaipur,CHC Sambhar,15,0,15,10,0,10,0,0,0,0,0,0,01425229412,0141-2605858,25-Jun-2021 20:55:11
467,Jaipur,CHC SIRSI,9,0,9,6,0,6,0,0,0,0,0,0,,0141-2605858,25-Jun-2021 19:53:40
466,Jaipur,CHC SHAHPURA,18,0,18,18,4,14,0,0,0,0,0,0,9116152442,0141-2605858,25-Jun-2021 14:02:17
465,Jaipur,CHC SAMOD,20,0,20,13,0,13,17,0,17,0,0,0,8947947969,0141-2605858,25-Jun-2021 15:01:58
464,Jaipur,CHC Renwal,0,0,0,10,0,10,0,0,0,0,0,0,01424-226104,0141-2605858,25-Jun-2021 21:09:59
463,Jaipur,CHC Phulera,5,0,5,5,0,5,0,0,0,0,0,0,,0141-2605858,25-Jun-2021 15:03:48
462,Jaipur,CHC Phagi,50,0,50,10,0,10,1,0,1,0,0,0,8824266929,0141-2605858,25-Jun-2021 10:27:38
470,Jaipur,CHC VIRAT NAGAR,10,0,10,5,0,5,0,0,0,0,0,0,01422-243531,0141-2605858,25-Jun-2021 18:56:09
456,Jaipur,CHC JALSU,10,1,9,9,0,9,0,0,0,0,0,0,9024354599,0141-2605858,25-Jun-2021 16:02:18
1,Jaipur,RAJ KHURANA MEMORIYAL ADRASH NAGAR,10,0,10,10,0,10,8,0,8,0,0,0,+91 81046 55745,0141-2605858,22-Jun-2021 11:12:56
39,Jaipur,Unique Sangeeta Vaishali,10,0,10,15,0,15,8,0,8,2,0,2,9511858425,0141-2605858,22-Jun-2021 09:23:55
23,Jaipur,Satellite Chaksu,20,0,20,5,0,5,0,0,0,0,0,0,820984387,0141-2605858,25-Jun-2021 14:54:37
24,Jaipur,Satellite Sanganer,10,0,10,7,0,7,0,0,0,0,0,0,01412723273,0141-2605858,25-Jun-2021 20:45:56
25,Jaipur,Sevyam Hospital civil line,4,0,4,8,0,8,0,0,0,0,0,0,8003214000,0141-2605858,25-Jun-2021 09:22:15
26,Jaipur,Sewaytan Hospital Sodala,20,0,20,6,0,6,12,0,12,2,0,2,2943142,0141-2605858,25-Jun-2021 09:45:18
27,Jaipur,Shalby hospital,0,0,0,70,0,70,0,0,0,0,0,0,7947080307,0141-2605858,25-Jun-2021 19:36:28
28,Jaipur,Shiv Adarsh Hospital Bindayka,3,0,3,15,0,15,5,0,5,2,0,2,9887151962,0141-2605858,22-Jun-2021 11:17:26
29,Jaipur,Shiv Dhara Chomu,15,0,15,10,0,10,5,0,5,0,0,0,8739879000,0141-2605858,25-Jun-2021 16:47:08
30,Jaipur,Shiv Trident Hospital Vaisali nagar,17,4,13,17,4,13,12,0,12,1,0,1,8619217018,0141-2605858,23-Jun-2021 15:51:20
31,Jaipur,Shree Ambe Hospital Newaru Road,14,0,14,0,0,0,11,0,11,1,0,1,9462354194,0141-2605858,22-Jun-2021 11:20:37
32,Jaipur,Siddham ENT Hospital,5,0,5,9,0,9,3,0,3,2,0,2,7742110099,0141-2605858,25-Jun-2021 15:26:11
34,Jaipur,Somani Hospital,7,0,7,7,0,7,7,0,7,0,0,0,80058950039351635659,0141-2605858,24-Jun-2021 11:26:03
35,Jaipur,Soni Hospital,10,0,10,41,0,41,7,0,7,1,0,1,9001669977,0141-2605858,25-Jun-2021 09:48:55
36,Jaipur,Sparsh Hospital,10,0,10,30,0,30,17,0,17,3,0,3,7732909036,0141-2605858,25-Jun-2021 15:38:37
37,Jaipur,Star Women and General Hospital,70,1,69,15,0,15,0,0,0,0,0,0,8239252272,0141-2605858,25-Jun-2021 15:19:19
38,Jaipur,Tagore hospital,28,0,28,25,1,24,5,0,5,2,0,2,9610488880,0141-2605858,25-Jun-2021 13:55:47
40,Jaipur,Urmil hospital,0,0,0,20,0,20,8,0,8,2,0,2,7221072260,0141-2605858,25-Jun-2021 15:25:33
41,Jaipur,VEDANTA SUPERSPECIALITY HOSPITAL,14,0,14,4,0,4,11,0,11,1,0,1,9358845571,0141-2605858,24-Jun-2021 12:14:18
22,Jaipur,Sardar Singh Memorial Hospital,10,0,10,10,0,10,0,0,0,0,0,0,8003077223,0141-2605858,25-Jun-2021 16:18:35
21,Jaipur,Saket Hospital (A unit of saket medicare and research centre Pvt Ltd),12,0,12,46,0,46,16,1,15,6,0,6,0141-2785075,0141-2605858,25-Jun-2021 20:45:24
33,Jaipur,"Sir Chotu Ram Hospital, Vaishali Nagar",0,0,0,0,0,0,0,0,0,0,0,0,9413790790,0141-2605858,09-Jun-2021 18:53:27
19,Jaipur,SHREE NIDAN HOSP AJMER ROAD,14,4,10,5,1,4,2,0,2,2,0,2,,0141-2605858,24-Jun-2021 13:57:26
3,Jaipur,RUHS HOSPITAL,628,3,625,442,40,402,39,4,35,125,57,68,,0141-2605858,25-Jun-2021 21:58:11
4,Jaipur,Radha Hospital,12,0,12,14,0,14,3,0,3,1,0,1,9782910099,0141-2605858,25-Jun-2021 19:28:30
5,Jaipur,Raj ENT Hospital Jaipur,0,0,0,0,0,0,0,0,0,0,0,0,,0141-2605858,
6,Jaipur,Rajasthan Hospital,0,0,0,30,0,30,61,4,57,6,3,3,8696666417,0141-2605858,25-Jun-2021 19:46:59
7,Jaipur,Raksha Hospital Jhotwara,5,0,5,15,0,15,6,0,6,0,0,0,7976196121,0141-2605858,22-Jun-2021 11:10:28
8,Jaipur,Raliway Hospital,60,4,56,30,0,30,5,2,3,5,0,5,01412222573,0141-2605858,25-Jun-2021 18:55:43
20,Jaipur,SMS Medical College Jaipur,0,0,0,50,0,50,0,0,0,27,17,10,01412569898,0141-2605858,25-Jun-2021 15:57:08
9,Jaipur,Ramanji Hospital,28,2,26,13,0,13,8,0,8,1,0,1,01412973926,0141-2605858,25-Jun-2021 15:45:17
10,Jaipur,Regen hospital,15,0,15,35,0,35,21,0,21,5,0,5,91168 89911,0141-2605858,25-Jun-2021 14:59:34
11,Jaipur,Rungta,0,0,0,61,0,61,7,0,7,15,0,15,0141-4039999,0141-2605858,25-Jun-2021 14:29:20
12,Jaipur,S.K.G Hospital and Research Center Vidhydhar Nagar,5,0,5,5,0,5,4,0,4,1,0,1,9672064954,0141-2605858,25-Jun-2021 19:32:26
13,Jaipur,S.R.K. HOSPITAL LALKOTHI,6,0,6,15,0,15,10,0,10,1,0,1,01414922333,0141-2605858,25-Jun-2021 20:37:58
14,Jaipur,S.R.K. HOSPITAL LALKOTHI,0,0,0,0,0,0,0,0,0,0,0,0,,0141-2605858,
15,Jaipur,SADHNA HOSPITAL KHATIPURA ROAD,14,0,14,6,0,6,6,0,6,1,0,1,,0141-2605858,25-Jun-2021 17:50:48
16,Jaipur,SDH Dudu,5,0,5,0,0,0,0,0,0,0,0,0,01428277233,0141-2605858,25-Jun-2021 21:38:06
17,Jaipur,SDM Hospital,52,0,52,20,1,19,2,0,2,2,2,0,रवि कटेवा / 9929607050,0141-2605858,22-Jun-2021 11:17:16
18,Jaipur,"SHANTI HOSPITAL BALAJI VIHAR, NIWARU ROAD",5,0,5,3,0,3,2,0,2,0,0,0,,0141-2605858,25-Jun-2021 19:33:01
2,Jaipur,RKB Maxima Hospital,0,0,0,38,0,38,0,0,0,0,0,0,8000654909,0141-2605858,23-Jun-2021 22:02:43
50,Jaisalmer,New rajasthan hospital and fertility center jaisalmer,10,0,10,2,0,2,0,0,0,0,0,0,9680039462,02992-294116,25-Jun-2021 08:44:56
52,Jaisalmer,Shri Jawahir Hospital Jaisalmer,16,0,16,40,0,40,0,0,0,10,0,10,02992-251792,02992-294116,25-Jun-2021 20:13:59
49,Jaisalmer,Maheswari Hospital,25,0,25,0,0,0,0,0,0,0,0,0,7023063376,02992-294116,25-Jun-2021 14:12:14
51,Jaisalmer,RL Memorial Hospital Jaisalmer,1,0,1,4,0,4,3,0,3,1,0,1,9461208795,02992-294116,24-Jun-2021 15:53:02
48,Jaisalmer,Golden City Hospital Jaisalmer,0,0,0,4,0,4,0,0,0,0,0,0,8800590224,02992-294116,24-Jun-2021 15:52:17
44,Jaisalmer,CHC Pokhran,22,0,22,22,0,22,0,0,0,0,0,0,7597272868,02992-294116,25-Jun-2021 14:06:30
46,Jaisalmer,CHC Sam dharmshala,3,0,3,12,0,12,0,0,0,0,0,0,8005781359,02992-294116,24-Jun-2021 15:47:22
45,Jaisalmer,CHC Ramgarh dharmshala,9,0,9,6,0,6,0,0,0,0,0,0,7340065013,02992-294116,24-Jun-2021 15:49:29
43,Jaisalmer,CHC Nachna dharmshala,11,0,11,4,0,4,0,0,0,0,0,0,9694885233,02992-294116,24-Jun-2021 15:48:39
42,Jaisalmer,CHC Bhaniyana dharmshala,13,0,13,2,0,2,0,0,0,0,0,0,8696130851,02992-294116,24-Jun-2021 15:47:56
47,Jaisalmer,CHC Sankra dharmshala,13,0,13,2,0,2,0,0,0,0,0,0,7665859339,02992-294116,24-Jun-2021 15:51:41
64,Jalore,Nahar Hospital Bhinmal,6,0,6,30,0,30,0,0,0,2,0,2,7412054716,02973-222246,25-Jun-2021 14:35:46
63,Jalore,GNMTC Leta (DCHC),20,0,20,30,0,30,0,0,0,0,0,0,9772590300,02973-222246,25-Jun-2021 20:43:21
62,Jalore,DH Jalore,0,0,0,98,0,98,0,0,0,14,0,14,02973222102,02973-222246,25-Jun-2021 20:55:38
61,Jalore,CHC SAYLA,12,0,12,20,0,20,0,0,0,0,0,0,8306900822,02973-222246,25-Jun-2021 14:42:46
60,Jalore,CHC SANCHORE,20,0,20,10,0,10,0,0,0,0,0,0,9828180928,02973-222246,24-Jun-2021 14:10:18
59,Jalore,CHC RANIWARA,3,0,3,7,0,7,0,0,0,0,0,0,,02973-222246,25-Jun-2021 20:05:29
57,Jalore,CHC HADECHA,5,0,5,10,0,10,0,0,0,0,0,0,02990248102,02973-222246,25-Jun-2021 14:40:44
56,Jalore,CHC Bhinmal Block Bhinmal Dist. Jalore (DCHC),0,0,0,20,0,20,0,0,0,0,0,0,02969-220140,02973-222246,25-Jun-2021 14:38:50
55,Jalore,CHC BHINMAL,0,0,0,0,0,0,0,0,0,0,0,0,02969-220140,02973-222246,25-Jun-2021 14:38:33
54,Jalore,CHC AHORE,10,0,10,15,0,15,0,0,0,0,0,0,9414544889,02973-222246,25-Jun-2021 14:13:00
53,Jalore,B. Lal Hospital,14,0,14,70,0,70,13,0,13,3,0,3,9116693929,02973-222246,25-Jun-2021 14:39:25
65,Jalore,SAGAR HOSPITAL,0,0,0,0,0,0,0,0,0,0,0,0,,02973-222246,25-Jun-2021 12:07:09
58,Jalore,CHC JASWANTPURA,10,0,10,5,0,5,0,0,0,0,0,0,104,02973-222246,25-Jun-2021 20:01:43
66,Jalore,Sanchore Hospital Sanchore,30,0,30,10,0,10,20,0,20,2,0,2,02979294150,02973-222246,25-Jun-2021 14:39:46
67,Jalore,Shri Kushal clinic and choudhary Bhupendra Hospital Bhinmal,3,0,3,27,0,27,0,0,0,0,0,0,02969-223020,02973-222246,25-Jun-2021 14:40:21
71,Jhalawar,CHC AKLERA,5,0,5,15,0,15,0,0,0,0,0,0,,07432-233279 07432-230009,23-Jun-2021 10:44:49
72,Jhalawar,CHC BAKANI,5,0,5,10,0,10,0,0,0,0,0,0,,07432-233279 07432-230009,23-Jun-2021 10:45:17
82,Jhalawar,SANJEEVANI HOSPITAL JHALRAPATAN,10,0,10,20,0,20,0,0,0,0,0,0,07432230645,07432-233279 07432-230009,23-Jun-2021 10:41:42
81,Jhalawar,Noon Hospital and Research Center,25,16,9,30,7,23,14,6,8,1,1,0,7433222299 8875029012,07432-233279 07432-230009,07-Jun-2021 20:01:49
80,Jhalawar,Nirogdham Hospital Aklera,26,0,26,43,0,43,5,0,5,8,0,8,07432230645,07432-233279 07432-230009,23-Jun-2021 10:40:51
79,Jhalawar,"LN Multi Speciality Hosp, Jhalawar",20,2,18,17,3,14,1,1,0,1,0,1,07432232645,07432-233279 07432-230009,31-May-2021 12:26:13
78,Jhalawar,Jhalawar Medical College Jhalawar,50,3,47,335,6,329,0,0,0,65,17,48,7432233279,07432-233279 07432-230009,25-Jun-2021 20:13:49
77,Jhalawar,"Horticulture Department Guest House, Jhalrapatan",0,0,0,0,0,0,0,0,0,0,0,0,07432230009,07432-233279 07432-230009,23-Jun-2021 10:39:29
83,Jhalawar,SETELITE HOSPITAL JHALRAPATAN,0,0,0,75,0,75,0,0,0,0,0,0,talib 8209368619,07432-233279 07432-230009,23-Jun-2021 10:42:40
75,Jhalawar,CHC DHABLAKHICHI NAVEEN BHAWAN,5,0,5,15,0,15,0,0,0,0,0,0,,07432-233279 07432-230009,23-Jun-2021 10:43:17
74,Jhalawar,CHC DAG,0,0,0,10,0,10,0,0,0,0,0,0,7891262191,07432-233279 07432-230009,23-Jun-2021 10:45:44
73,Jhalawar,CHC BHAWANI MANDI,15,0,15,25,0,25,0,0,0,0,0,0,,07432-233279 07432-230009,23-Jun-2021 10:43:41
68,Jhalawar,Ambedkar Bhawan Nagar Palika Bhawanimandi,30,0,30,0,0,0,0,0,0,0,0,0,9001260835,07432-233279 07432-230009,23-Jun-2021 10:40:21
69,Jhalawar,BALAJI HOSPITAL JHALAWAR,10,0,10,10,0,10,0,0,0,0,0,0,07432230009,07432-233279 07432-230009,23-Jun-2021 10:42:13
70,Jhalawar,CHC MANOHAR THANA,10,0,10,15,0,15,0,0,0,0,0,0,,07432-233279 07432-230009,23-Jun-2021 10:44:19
76,Jhalawar,CHC KHANPUR,5,0,5,20,0,20,0,0,0,0,0,0,,07432-233279 07432-230009,23-Jun-2021 10:46:09
101,Jhunjhunu,CHC khetri,75,21,54,20,0,20,0,0,0,0,0,0,9413544782,01592-232415,24-Jun-2021 16:04:32
102,Jhunjhunu,"CKRD Memorial Hospital and Research Institute, Jhunjhunu",24,0,24,23,0,23,15,0,15,2,0,2,9468828346,01592-232415,24-Jun-2021 16:04:57
103,Jhunjhunu,Dhukia Hospital JHUNJHUNU,3,0,3,10,0,10,6,0,6,2,0,2,9462261803,01592-232415,24-Jun-2021 16:05:20
105,Jhunjhunu,Halwan hospital,16,0,16,8,0,8,5,0,5,1,0,1,9875044414,01592-232415,25-Jun-2021 20:29:15
106,Jhunjhunu,Jaipur Heart and Multispeciality,10,0,10,0,0,0,5,0,5,0,0,0,01592-231699,01592-232415,24-Jun-2021 16:06:20
107,Jhunjhunu,"Jhunjhunu Hospital, Jhunjhunu",20,0,20,10,0,10,18,2,16,2,2,0,9462078888,01592-232415,24-Jun-2021 16:06:51
110,Jhunjhunu,Metro Hosp and Taruma Centre,38,0,38,7,0,7,8,0,8,2,0,2,9664460807,01592-232415,24-Jun-2021 16:08:13
109,Jhunjhunu,Kalpvriksha Hosp and RCF Foundation,5,0,5,9,0,9,10,0,10,7,0,7,9772971119,01592-232415,24-Jun-2021 16:07:47
111,Jhunjhunu,Oxford Hospital,20,0,20,0,0,0,27,0,27,3,0,3,9024278199,01592-232415,24-Jun-2021 16:08:39
112,Jhunjhunu,"R And R Multispeciality Hospital, Jhunjhunu",0,0,0,33,0,33,26,0,26,6,0,6,7230047322,01592-232415,24-Jun-2021 16:09:09
113,Jhunjhunu,"RAVINDRA Hospital,Jhunjhunu",4,0,4,0,0,0,4,0,4,1,0,1,8104840736,01592-232415,24-Jun-2021 16:09:38
100,Jhunjhunu,CHC Udaipurwati,10,0,10,10,1,9,0,0,0,0,0,0,9928593999,01592-232415,24-Jun-2021 18:10:42
114,Jhunjhunu,S.D.H. Hospital Nawalgarh,25,0,25,6,0,6,5,0,5,5,1,4,7568950897,01592-232415,25-Jun-2021 13:47:42
108,Jhunjhunu,KEDIA HOSPITAL,6,0,6,6,0,6,13,0,13,1,0,1,9413551456,01592-232415,24-Jun-2021 16:07:22
99,Jhunjhunu,CHC Surajgarh,10,0,10,20,0,20,0,0,0,0,0,0,9597848082,01592-232415,25-Jun-2021 10:55:06
104,Jhunjhunu,Dr. Taterwal Apex hospital,10,0,10,9,0,9,5,0,5,1,0,1,9530395577,01592-232415,24-Jun-2021 16:05:51
84,Jhunjhunu,Aaruni Multispecialty Hosp,5,0,5,15,0,15,7,0,7,2,0,2,954985992,01592-232415,24-Jun-2021 15:55:50
85,Jhunjhunu,"Apex Skyline Hospital , Jhunjhunu",0,0,0,29,0,29,5,0,5,2,0,2,9587964111,01592-232415,24-Jun-2021 15:56:17
86,Jhunjhunu,B.D.K Govt. Hospital,0,0,0,110,7,103,2,0,2,19,0,19,01592-239999,01592-232415,25-Jun-2021 14:57:07
87,Jhunjhunu,"BIRLA SARVAJANIK Hospital, Pilani",42,0,42,24,3,21,9,1,8,0,0,0,01596-243241,01592-232415,25-Jun-2021 14:10:08
88,Jhunjhunu,Balaji Multicare hospital,18,0,18,5,0,5,6,0,6,0,0,0,9799749551,01592-232415,24-Jun-2021 15:58:40
90,Jhunjhunu,CHC Bissau,0,0,0,20,0,20,0,0,0,0,0,0,8562000987,01592-232415,24-Jun-2021 15:59:43
91,Jhunjhunu,CHC Buhana,0,0,0,20,0,20,0,0,0,0,0,0,7339723699,01592-232415,24-Jun-2021 16:00:09
89,Jhunjhunu,CHC Bagar,0,0,0,15,0,15,0,0,0,0,0,0,9928857924,01592-232415,23-Jun-2021 08:40:31
93,Jhunjhunu,CHC Gudha,15,1,14,5,0,5,0,0,0,0,0,0,9829572804,01592-232415,24-Jun-2021 14:34:09
94,Jhunjhunu,CHC Malsisar,4,0,4,16,0,16,0,0,0,0,0,0,7014641155,01592-232415,25-Jun-2021 10:52:02
95,Jhunjhunu,CHC Mandawa,0,0,0,20,0,20,0,0,0,0,0,0,9414080890,01592-232415,24-Jun-2021 16:01:36
96,Jhunjhunu,CHC Mukundgarh,0,0,0,20,0,20,0,0,0,0,0,0,9785249776,01592-232415,24-Jun-2021 16:02:10
97,Jhunjhunu,CHC Pilani,30,0,30,20,0,20,0,0,0,0,0,0,9460017130,01592-232415,25-Jun-2021 11:06:52
92,Jhunjhunu,CHC Chirawa,35,0,35,15,0,15,0,0,0,0,0,0,7014679103,01592-232415,24-Jun-2021 16:00:43
98,Jhunjhunu,CHC Shighana,0,0,0,20,0,20,0,0,0,0,0,0,7023887855,01592-232415,24-Jun-2021 16:03:12
555,Jodhpur,Vasundhara Hospital ltd,2,0,2,33,4,29,5,0,5,10,4,6,02912709001,0291-2511085,10-Jun-2021 15:09:37
551,Jodhpur,Shree Ram Hospital,0,0,0,46,0,46,7,0,7,4,0,4,,0291-2511085,10-Jun-2021 15:04:02
552,Jodhpur,Shri Ram Banar,0,0,0,36,0,36,1,0,1,2,0,2,,0291-2511085,10-Jun-2021 15:04:36
553,Jodhpur,Shri Ram mahamandir,0,0,0,24,1,23,6,0,6,2,2,0,02912770600 9660887703,0291-2511085,10-Jun-2021 15:05:05
554,Jodhpur,UPHC Residency,0,0,0,0,0,0,0,0,0,0,0,0,,0291-2511085,
535,Jodhpur,Dhanwantri Hospital,0,0,0,0,0,0,0,0,0,0,0,0,,0291-2511085,
557,Jodhpur,Yash aman Hospital 21 kishore bagh mandore road jodhpur .,44,18,26,6,2,4,3,0,3,3,0,3,02912570263,0291-2511085,25-Jun-2021 20:59:20
534,Jodhpur,Daukiya Pratap nagar,0,0,0,4,0,4,2,0,2,0,0,0,9413550362,0291-2511085,24-Jun-2021 09:49:51
533,Jodhpur,Dar al shifa hospital,20,0,20,10,0,10,1,0,1,1,0,1,9983257686,0291-2511085,25-Jun-2021 15:48:00
532,Jodhpur,"DH, Phalodi",0,0,0,0,0,0,0,0,0,0,0,0,02925224610,0291-2511085,
531,Jodhpur,"DH Paota, paota circle",8,0,8,8,0,8,0,0,0,0,0,0,9414410838,0291-2511085,09-Jun-2021 17:34:51
550,Jodhpur,Rajdadisa Hospital,0,0,0,86,0,86,10,0,10,14,0,14,0291-2625933,0291-2511085,24-Jun-2021 17:18:14
556,Jodhpur,Vishnoi Hospital,0,0,0,16,0,16,3,0,3,0,0,0,,0291-2511085,10-Jun-2021 15:05:33
549,Jodhpur,Raj Hospital,0,0,0,0,0,0,0,0,0,0,0,0,,0291-2511085,
541,Jodhpur,MH,140,4,136,50,0,50,0,0,0,8,3,5,7300080965,0291-2511085,23-Jun-2021 17:51:46
547,Jodhpur,"PHC, Bapini",0,0,0,0,0,0,0,0,0,0,0,0,,0291-2511085,
546,Jodhpur,Medipulse Hospital,0,0,0,20,10,10,5,2,3,5,3,2,8239345655,0291-2511085,18-Jun-2021 18:18:51
545,Jodhpur,MedicityHospital and Research Center Pno A 72 near SBI bank Aakhliya Circle,18,0,18,15,0,15,3,2,1,2,0,2,9549212367,0291-2511085,08-Jun-2021 12:20:00
544,Jodhpur,Mathura Das Mathur Hospital,30,0,30,600,27,573,7,0,7,83,19,64,"0291 2650314,0291 2650707",0291-2511085,25-Jun-2021 09:01:22
543,Jodhpur,Marwar Hospital,0,0,0,5,1,4,3,0,3,2,0,2,9001293029,0291-2511085,25-Jun-2021 09:44:04
542,Jodhpur,MUKUNDAM HOSPITAL,0,0,0,5,0,5,4,0,4,1,1,0,9413634455,0291-2511085,23-Jun-2021 16:57:30
540,Jodhpur,MGH,0,0,0,152,80,72,0,0,0,43,25,18,0291-2661403,0291-2511085,21-Jun-2021 07:18:09
539,Jodhpur,L.N Memorial hospital and Research Center (Rathi hospital),5,3,2,21,19,2,4,4,0,5,5,0,7506360805,0291-2511085,25-Jun-2021 20:03:09
538,Jodhpur,KAMLA NAGAR HOSPITAL,0,0,0,8,0,8,0,0,0,2,0,2,9414753466,0291-2511085,25-Jun-2021 16:51:07
537,Jodhpur,"JECRC, Bornada",0,0,0,0,0,0,0,0,0,0,0,0,,0291-2511085,
536,Jodhpur,District Hospital Mahila bagh,0,0,0,0,0,0,0,0,0,0,0,0,02912545311,0291-2511085,17-Jun-2021 14:30:29
530,Jodhpur,"Chandra Mangal Hospital 235 mandore mandi circle, mandore road jodhpur.",35,6,29,25,0,25,1,0,1,1,0,1,8104597197,0291-2511085,22-Jun-2021 17:08:17
548,Jodhpur,Railway Hospital,15,3,12,50,0,50,2,0,2,5,0,5,9460144796,0291-2511085,25-Jun-2021 09:54:52
529,Jodhpur,CHC. Aau,5,0,5,10,0,10,0,0,0,0,0,0,8130520817,0291-2511085,19-Jun-2021 12:09:34
137,Jodhpur,"CHC, Osian",30,10,20,20,0,20,0,0,0,0,0,0,02922274547,0291-2511085,08-Jun-2021 09:04:07
527,Jodhpur,"CHC, Tepu",1,0,1,1,0,1,0,0,0,0,0,0,8003335338,0291-2511085,25-Jun-2021 12:18:06
528,Jodhpur,"CHC, Tinwari",10,5,5,4,0,4,0,0,0,0,0,0,9001834096,0291-2511085,15-Jun-2021 21:04:37
135,Jodhpur,"CHC, Luni",18,3,15,1,0,1,0,0,0,0,0,0,02031 284102,0291-2511085,25-Jun-2021 11:21:16
134,Jodhpur,"CHC, Lohawat",13,4,9,5,4,1,0,0,0,0,0,0,9828516015,0291-2511085,09-Jun-2021 17:45:02
133,Jodhpur,"CHC, Keru",6,0,6,4,0,4,0,0,0,0,0,0,02931 285656,0291-2511085,25-Jun-2021 10:22:33
132,Jodhpur,"CHC, Kelansar",5,0,5,2,0,2,0,0,0,0,0,0,9079270129,0291-2511085,09-Jun-2021 11:20:18
131,Jodhpur,"CHC, Jhanwar",16,0,16,5,0,5,0,0,0,0,0,0,029312696217,0291-2511085,11-Jun-2021 20:05:27
130,Jodhpur,"CHC, Fidusar",6,0,6,4,0,4,0,0,0,0,0,0,9214981313,0291-2511085,25-Jun-2021 10:19:30
129,Jodhpur,"CHC, Dhundara",5,0,5,5,0,5,0,0,0,0,0,0,9828598354,0291-2511085,08-Jun-2021 14:28:31
128,Jodhpur,"CHC, Dhawa",0,0,0,4,0,4,0,0,0,0,0,0,0,0291-2511085,09-Jun-2021 13:28:32
127,Jodhpur,"CHC, Dechu",5,0,5,5,0,5,0,0,0,0,0,0,02928-266580,0291-2511085,25-Jun-2021 07:48:51
126,Jodhpur,"CHC, Chamu",0,0,0,12,0,12,0,0,0,0,0,0,9970943174,0291-2511085,24-Jun-2021 10:56:29
125,Jodhpur,"CHC, Borunda",4,0,4,4,0,4,0,0,0,0,0,0,8999755561,0291-2511085,08-Jun-2021 13:26:21
124,Jodhpur,"CHC, Bilara",0,0,0,24,0,24,0,0,0,0,0,0,9784196907,0291-2511085,23-Jun-2021 09:13:28
136,Jodhpur,"CHC, Mathania",22,2,20,8,1,7,0,0,0,0,0,0,7742257429,0291-2511085,08-Jun-2021 13:02:54
122,Jodhpur,"CHC, Baru",2,0,2,2,0,2,0,0,0,0,0,0,9983867283,0291-2511085,22-Jun-2021 09:30:56
121,Jodhpur,"CHC, Bap",0,0,0,10,0,10,0,0,0,0,0,0,8949192859,0291-2511085,24-Jun-2021 15:54:23
120,Jodhpur,"CHC, Baori",3,0,3,12,0,12,0,0,0,0,0,0,+91 8387-820098,0291-2511085,24-Jun-2021 07:09:51
119,Jodhpur,"CHC, Banar",0,0,0,0,0,0,0,0,0,0,0,0,02912942288,0291-2511085,25-Jun-2021 18:47:43
118,Jodhpur,"CHC, Balesar",13,0,13,10,0,10,0,0,0,0,0,0,0,0291-2511085,19-Jun-2021 12:41:42
117,Jodhpur,"CHC, Asop",2,0,2,3,0,3,0,0,0,0,0,0,243541,0291-2511085,24-Jun-2021 10:33:37
116,Jodhpur,AIIMS,0,0,0,120,31,89,120,99,21,70,70,0,8764505002,0291-2511085,25-May-2021 13:35:25
115,Jodhpur,2 S Wellness center,2,0,2,12,0,12,3,0,3,3,0,3,2713000,0291-2511085,25-Jun-2021 10:29:14
123,Jodhpur,"CHC, Bhopalgarh",15,0,15,15,0,15,0,0,0,0,0,0,02925224610,0291-2511085,25-Jun-2021 11:58:36
523,Jodhpur,"CHC, Pipar",13,0,13,46,3,43,0,0,0,0,0,0,02930233104,0291-2511085,18-Jun-2021 20:12:53
524,Jodhpur,"CHC, Salawas",20,0,20,10,0,10,0,0,0,0,0,0,9414374934,0291-2511085,25-Jun-2021 13:16:18
525,Jodhpur,"CHC, Setrawa",3,0,3,5,2,3,0,0,0,0,0,0,+919166771861,0291-2511085,08-Jun-2021 14:31:28
526,Jodhpur,"CHC, Shergarh",0,0,0,8,0,8,0,0,0,0,0,0,02929243673,0291-2511085,09-Jun-2021 11:42:33
565,Karauli,PMO HINDAUN,41,0,41,53,0,53,0,0,0,6,0,6,"07469-230666, 9413949087",07464-297031,23-Jun-2021 09:43:16
567,Karauli,SAURABH HOSPITAL KHEDA (PRIVATE),55,0,55,5,0,5,0,0,0,0,0,0,,07464-297031,13-Jun-2021 17:00:26
566,Karauli,PMO KARAULI,25,4,21,70,0,70,0,0,0,10,0,10,07464-221515,07464-297031,25-Jun-2021 16:53:07
563,Karauli,"ESSAR HOSPITAL, GULAB BAG, KARAULI",11,2,9,8,0,8,5,0,5,0,0,0,07464221221,07464-297031,25-Jun-2021 10:34:41
564,Karauli,GH TRAUMA KARAULI,150,0,150,25,0,25,0,0,0,0,0,0,,07464-297031,25-Jun-2021 16:52:20
561,Karauli,CHC NADOTI,10,0,10,5,0,5,0,0,0,0,0,0,07463244468,07464-297031,22-Jun-2021 16:56:44
560,Karauli,CHC MASALPUR,6,0,6,4,0,4,0,0,0,0,0,0,,07464-297031,25-Jun-2021 13:38:46
559,Karauli,CHC MAHAVEERJI,5,0,5,5,0,5,0,0,0,0,0,0,na,07464-297031,24-Jun-2021 14:19:00
558,Karauli,CHC KUDGAON,6,0,6,4,0,4,0,0,0,0,0,0,,07464-297031,21-Jun-2021 10:09:43
562,Karauli,CHC TODABHEEM,5,0,5,5,0,5,0,0,0,0,0,0,,07464-297031,19-Jun-2021 13:20:23
588,Kota,Mewar Hospital,3,0,3,9,0,9,1,0,1,1,0,1,181,"0744-2450260, 0744-2329259",17-Jun-2021 00:09:38
589,Kota,Military hospital kota,29,0,29,16,0,16,0,0,0,2,1,1,7442450421,"0744-2450260, 0744-2329259",24-Jun-2021 08:56:34
590,Kota,NHMC,30,5,25,68,16,52,20,4,16,90,23,67,"9462568921, 9462568902, 9462568904","0744-2450260, 0744-2329259",25-Jun-2021 20:21:47
591,Kota,OPERA HOSPITAL MEDICAL and RESEARCH CENTRE PVT LTD,0,0,0,32,0,32,5,1,4,3,0,3,9886003410,"0744-2450260, 0744-2329259",25-Jun-2021 07:50:02
592,Kota,Radha krishna Hospital,14,0,14,8,0,8,8,0,8,0,0,0,8005699326,"0744-2450260, 0744-2329259",18-Jun-2021 17:44:23
593,Kota,Ramakrishna Hospital,9,0,9,14,0,14,8,0,8,1,0,1,9610209797,"0744-2450260, 0744-2329259",25-Jun-2021 20:33:06
594,Kota,S. N. Pareek Hospital and Research Center Sanathan,20,17,3,41,2,39,3,1,2,6,0,6,7442402770,"0744-2450260, 0744-2329259",25-Jun-2021 20:01:18
597,Kota,Sanjeevani Hospital,11,0,11,3,0,3,0,0,0,0,0,0,07442325305,"0744-2450260, 0744-2329259",25-Jun-2021 21:11:02
596,Kota,SUDHA GENERAL HOSPITAL JAGPURA KOTA,50,0,50,20,0,20,30,0,30,0,0,0,07442790031,"0744-2450260, 0744-2329259",24-Jun-2021 07:31:48
598,Kota,Sara Hospital 3-A-6 Chatrapur main road vigyan nagar,1,0,1,6,0,6,0,0,0,0,0,0,9587207867,"0744-2450260, 0744-2329259",17-Jun-2021 19:06:57
599,Kota,Shanti Hospital (Private Hospital),10,0,10,8,0,8,0,0,0,0,0,0,9214331933,"0744-2450260, 0744-2329259",25-Jun-2021 20:28:30
600,Kota,Shiv Shakti Hospital(Private Hospital),8,0,8,12,0,12,5,0,5,0,0,0,6350568713,"0744-2450260, 0744-2329259",16-Jun-2021 22:48:27
601,Kota,Sudha Hospital and Medical Research Centre,50,4,46,50,4,46,40,4,36,10,3,7,07442790092,"0744-2450260, 0744-2329259",24-Jun-2021 07:32:36
602,Kota,UCHC VIGYAN NAGAR,2,0,2,8,0,8,0,0,0,0,0,0,7424857221,"0744-2450260, 0744-2329259",23-Jun-2021 12:40:23
587,Kota,Mandal Chikitsalay,0,0,0,20,0,20,3,0,3,0,0,0,9001017864,"0744-2450260, 0744-2329259",12-Jun-2021 20:31:34
595,Kota,SHREE RAM MULTI SPECIALITY HOSPITAL KOTA,10,0,10,5,0,5,0,0,0,0,0,0,07442437378,"0744-2450260, 0744-2329259",25-Jun-2021 20:02:20
586,Kota,Maitri Hospital,0,0,0,20,0,20,6,0,6,3,0,3,9694094661,"0744-2450260, 0744-2329259",24-Jun-2021 15:26:28
572,Kota,CHC KAITHON,15,0,15,10,0,10,0,0,0,0,0,0,,"0744-2450260, 0744-2329259",25-Jun-2021 16:58:37
584,Kota,MBS Hospital,88,0,88,49,0,49,0,0,0,4,0,4,0744-2326000. Extension- 213,"0744-2450260, 0744-2329259",05-Jun-2021 09:02:08
568,Kota,Acharya Children Hospital,5,0,5,6,0,6,7,0,7,0,0,0,07442420222,"0744-2450260, 0744-2329259",25-Jun-2021 09:43:07
570,Kota,Bharat Vikas Parishad Hospital Dadabari,0,0,0,20,0,20,5,0,5,1,0,1,7442504501,"0744-2450260, 0744-2329259",25-Jun-2021 21:20:19
571,Kota,CHC ITAWA,10,0,10,10,0,10,0,0,0,0,0,0,,"0744-2450260, 0744-2329259",25-Jun-2021 14:09:43
585,Kota,Mahaveer ENT Hospital,0,0,0,0,0,0,0,0,0,0,0,0,,"0744-2450260, 0744-2329259",
573,Kota,CHC RAMGANJMANDI,0,0,0,9,0,9,0,0,0,0,0,0,07459223650,"0744-2450260, 0744-2329259",24-Jun-2021 21:09:26
574,Kota,CHC SANGOD,3,0,3,12,0,12,0,0,0,0,0,0,7891687351,"0744-2450260, 0744-2329259",25-Jun-2021 21:03:48
575,Kota,CHC SULTANPUR,7,0,7,8,0,8,0,0,0,0,0,0,9950430545,"0744-2450260, 0744-2329259",23-Jun-2021 14:56:51
569,Kota,Acharya Children Hospital,0,0,0,0,0,0,0,0,0,0,0,0,,"0744-2450260, 0744-2329259",
577,Kota,Divisional Railway Hospital,0,0,0,0,0,0,0,0,0,0,0,0,9001017864,"0744-2450260, 0744-2329259",13-Jun-2021 10:03:13
578,Kota,"Goyal endoscopy surgery and research centre pvt. Ltd, Kota",0,0,0,4,0,4,10,0,10,0,0,0,9314393789,"0744-2450260, 0744-2329259",18-Jun-2021 19:49:00
579,Kota,JANANI HOSPITAL,2,0,2,9,0,9,0,0,0,0,0,0,9116832259,"0744-2450260, 0744-2329259",15-Jun-2021 11:04:47
580,Kota,Jaiswal Hospital and Neuro Institute,0,0,0,52,25,27,8,0,8,20,0,20,7442433232,"0744-2450260, 0744-2329259",23-Jun-2021 21:34:01
581,Kota,KOTA TRAUMA HOSPITAL,10,0,10,7,0,7,9,0,9,1,0,1,9602485849,"0744-2450260, 0744-2329259",25-Jun-2021 20:13:43
582,Kota,KOTA UNIVERSITY,15,0,15,121,0,121,0,0,0,0,0,0,,"0744-2450260, 0744-2329259",26-May-2021 14:10:53
583,Kota,Kota Heart Hospital and Research Centre,0,0,0,20,0,20,10,0,10,5,0,5,,"0744-2450260, 0744-2329259",25-Jun-2021 20:00:46
576,Kota,City Heart and Critical Care Centre Hospital(Private Hospital),0,0,0,5,0,5,0,0,0,0,0,0,7410810801,"0744-2450260, 0744-2329259",25-Jun-2021 20:00:52
620,Nagaur,CHC PARBATSAR,15,15,0,15,0,15,0,0,0,0,0,0,9982152885,01582-240844,14-Jun-2021 12:37:01
621,Nagaur,CHC RIYAN,15,0,15,10,0,10,0,0,0,0,0,0,9829953232,01582-240844,25-Jun-2021 10:13:13
622,Nagaur,CHC SHRI BALAJI,15,0,15,3,0,3,0,0,0,0,0,0,789174212,01582-240844,14-Jun-2021 12:51:43
623,Nagaur,CHC THANWLA,4,0,4,2,0,2,0,0,0,0,0,0,9413959222,01582-240844,25-Jun-2021 05:04:18
624,Nagaur,"GOVT. BANGAR HOSPITAL, DIDWANA",10,0,10,45,1,44,7,0,7,8,0,8,01580220083,01582-240844,25-Jun-2021 19:15:18
625,Nagaur,JLN PMO Nagaur,40,27,13,133,6,127,7,0,7,20,0,20,01582-242985,01582-240844,25-Jun-2021 20:33:01
629,Nagaur,PMO LADNUN,0,0,0,25,1,24,0,0,0,0,0,0,01581-226317,01582-240844,25-Jun-2021 19:57:03
627,Nagaur,Mahdev Hospital Nagaur,7,0,7,3,0,3,1,0,1,1,0,1,6377326063,01582-240844,22-Jun-2021 15:16:41
628,Nagaur,OLD HOSPITAL,25,0,25,25,0,25,0,0,0,0,0,0,9314467743,01582-240844,22-Jun-2021 15:18:38
630,Nagaur,SIR CHOTU RAM MEMORIAL HOSPITAL MAKRANA,20,0,20,30,0,30,3,0,3,1,0,1,9460069673,01582-240844,22-Jun-2021 15:15:27
632,Nagaur,Sufiya Hospital Nagaur,7,0,7,13,0,13,2,0,2,0,0,0,01582-256747,01582-240844,25-Jun-2021 12:41:53
619,Nagaur,CHC PANCHODI,4,0,4,2,0,2,0,0,0,0,0,0,8732892766,01582-240844,14-Jun-2021 12:56:17
626,Nagaur,Kuchaman City,20,0,20,40,4,36,0,0,0,0,0,0,01586220066,01582-240844,25-Jun-2021 20:13:28
618,Nagaur,CHC NIMBI,10,0,10,10,1,9,0,0,0,0,0,0,9929210210,01582-240844,14-Jun-2021 12:43:23
631,Nagaur,Shri Ram Manglame Hospital Nagaur,19,0,19,5,0,5,5,0,5,0,0,0,9460000039,01582-240844,22-Jun-2021 15:17:50
616,Nagaur,CHC MUNDWA,15,0,15,10,3,7,0,0,0,0,0,0,9001654583,01582-240844,14-Jun-2021 12:35:42
617,Nagaur,CHC NAWA,15,0,15,10,5,5,0,0,0,0,0,0,9982102585,01582-240844,14-Jun-2021 12:32:45
603,Nagaur,CHC BADI KHATU,2,0,2,2,0,2,0,0,0,0,0,0,9571631621,01582-240844,17-Jun-2021 10:00:16
604,Nagaur,CHC CHHOTI KHATU,7,0,7,7,1,6,0,0,0,0,0,0,9829744400,01582-240844,14-Jun-2021 12:41:13
606,Nagaur,CHC DEH,4,0,4,2,0,2,0,0,0,0,0,0,9602766907,01582-240844,23-Jun-2021 14:55:33
607,Nagaur,CHC HARSOR,5,1,4,5,0,5,0,0,0,0,0,0,7014853336,01582-240844,14-Jun-2021 12:45:11
608,Nagaur,CHC JAYAL,15,0,15,10,5,5,0,0,0,0,0,0,9982199021,01582-240844,14-Jun-2021 12:40:35
605,Nagaur,CHC DEGANA,15,0,15,15,0,15,0,0,0,0,0,0,9414796020,01582-240844,25-Jun-2021 22:14:41
610,Nagaur,CHC KUCHERA,10,0,10,10,2,8,0,0,0,0,0,0,9982199021,01582-240844,14-Jun-2021 12:15:27
611,Nagaur,CHC KUKANWALI,5,0,5,2,0,2,0,0,0,0,0,0,9680795132,01582-240844,14-Jun-2021 12:55:22
612,Nagaur,CHC MAKRANA,25,4,21,15,12,3,0,0,0,0,0,0,9799822269,01582-240844,14-Jun-2021 12:34:57
613,Nagaur,CHC MAULASAR,5,0,5,15,5,10,0,0,0,0,0,0,8696657565,01582-240844,14-Jun-2021 12:42:00
614,Nagaur,CHC MERTA,15,2,13,15,9,6,0,0,0,0,0,0,9413117381,01582-240844,14-Jun-2021 12:34:19
615,Nagaur,CHC MITHADI,5,0,5,5,0,5,0,0,0,0,0,0,9667762889,01582-240844,14-Jun-2021 12:44:05
609,Nagaur,CHC KHINWASAR,15,1,14,15,4,11,0,0,0,0,0,0,9828562419,01582-240844,14-Jun-2021 12:36:22
642,Pali,CHC RANI,5,0,5,5,0,5,0,0,0,0,0,0,9783118145,02932-257555,25-Jun-2021 08:22:55
649,Pali,Govt Bangur Hospital and Medical College,0,0,0,70,2,68,3,0,3,37,7,30,02932226909,02932-257555,25-Jun-2021 20:29:35
648,Pali,GOVT HOSPITAL SOJAT CITY,32,2,30,60,1,59,7,0,7,0,0,0,02960 222930,02932-257555,21-Jun-2021 20:07:19
646,Pali,CHC Sadri,5,0,5,5,1,4,2,0,2,0,0,0,9414523201,02932-257555,10-Jun-2021 09:05:44
645,Pali,CHC SUMERPUR,12,0,12,12,0,12,0,0,0,0,0,0,02933255513,02932-257555,25-Jun-2021 20:07:04
644,Pali,CHC SOJAT ROAD,5,0,5,5,0,5,0,0,0,0,0,0,02960231350,02932-257555,19-Jun-2021 20:13:04
643,Pali,CHC ROHAT,8,0,8,2,0,2,0,0,0,0,0,0,02936268268,02932-257555,25-Jun-2021 20:15:36
641,Pali,CHC RAIPUR,0,0,0,10,0,10,0,0,0,0,0,0,9314063999,02932-257555,25-Jun-2021 21:39:41
647,Pali,ESI Hospital Pali,42,0,42,40,0,40,0,0,0,0,0,0,02932226909,02932-257555,22-Jun-2021 20:07:30
639,Pali,CHC Jaitaran,0,0,0,0,0,0,0,0,0,0,0,0,9828841330,02932-257555,03-Jun-2021 21:31:09
638,Pali,CHC JAITARAN,5,0,5,7,0,7,0,0,0,0,0,0,7665524204,02932-257555,11-Jun-2021 19:54:13
637,Pali,CHC DESURI,8,0,8,2,0,2,0,0,0,0,0,0,9929895915,02932-257555,15-Jun-2021 20:15:24
636,Pali,CHC Bali,0,0,0,0,0,0,0,0,0,0,0,0,02938222071,02932-257555,03-Jun-2021 21:19:31
635,Pali,CHC BALI,16,0,16,4,0,4,0,0,0,0,0,0,.,02932-257555,09-Jun-2021 15:21:35
634,Pali,Bhagwan Mahavir Hospital Sumerpur,16,1,15,27,1,26,2,0,2,2,0,2,9460244309,02932-257555,22-Jun-2021 11:15:39
633,Pali,"Austria Hospital, Jadan Ashram",0,0,0,0,0,0,0,0,0,0,0,0,9829225373,02932-257555,05-Jun-2021 13:12:56
640,Pali,CHC KHARCHI,2,0,2,4,0,4,0,0,0,0,0,0,02935253115/16,02932-257555,21-Jun-2021 20:18:36
656,Pratapgarh,"Sky Lifeline Multispeciality Hospital, Pratapgarh",20,0,20,12,0,12,0,0,0,2,0,2,7229098486,01478-222564,21-Jun-2021 10:07:12
655,Pratapgarh,Government District Hospital Pratapgarh,53,1,52,164,7,157,3,0,3,7,1,6,9116713168,01478-222564,25-Jun-2021 09:05:13
654,Pratapgarh,"CCCC THADA, PRATAPGARH",15,1,14,15,0,15,0,0,0,0,0,0,90011779469,01478-222564,17-Jun-2021 10:44:35
652,Pratapgarh,CCCC DHARIYAWAD,15,0,15,5,0,5,0,0,0,0,0,0,8696029111,01478-222564,25-Jun-2021 15:46:03
651,Pratapgarh,CCCC ARNOD,15,2,13,15,0,15,0,0,0,0,0,0,9001314262,01478-222564,24-Jun-2021 10:53:08
650,Pratapgarh,CCCC CHHOTISADRI,15,5,10,15,0,15,0,0,0,0,0,0,9461064891,01478-222564,24-Jun-2021 10:53:38
653,Pratapgarh,CCCC PIPALKHUNT,15,0,15,15,0,15,0,0,0,0,0,0,9829551504,01478-222564,17-Jun-2021 10:45:45
664,Rajsamand,CHC Railmagra,5,0,5,12,0,12,0,0,0,0,0,0,02952267175,02952-221716,25-Jun-2021 20:08:49
667,Rajsamand,Sharma Hospital Kankroli,0,0,0,16,0,16,7,0,7,2,0,2,02952221446,02952-221716,25-Jun-2021 21:11:11
666,Rajsamand,RK GOVT HOSPITAL RAJSAMAND,13,1,12,120,3,117,0,0,0,17,2,15,02952222885,02952-221716,25-Jun-2021 20:30:54
668,Rajsamand,Shri Goverdhan Govt. Hospital Nathdwara,25,0,25,40,4,36,0,0,0,10,0,10,02953230365,02952-221716,25-Jun-2021 20:32:20
665,Rajsamand,CHC kelwa,10,0,10,15,1,14,0,0,0,0,0,0,9680335143,02952-221716,25-Jun-2021 20:07:25
663,Rajsamand,CHC Khamnor,8,0,8,2,0,2,0,0,0,0,0,0,9660922164,02952-221716,25-Jun-2021 21:28:03
659,Rajsamand,CHC Bhim,5,0,5,37,0,37,0,0,0,0,0,0,02951294414,02952-221716,25-Jun-2021 20:11:53
661,Rajsamand,CHC Deogarh,18,0,18,26,4,22,1,0,1,5,0,5,02904252062,02952-221716,25-Jun-2021 21:28:50
660,Rajsamand,CHC DELWARA,3,0,3,7,0,7,0,0,0,0,0,0,02953289492,02952-221716,25-Jun-2021 20:32:23
658,Rajsamand,CHC Amet,10,0,10,10,0,10,0,0,0,0,0,0,9929570905,02952-221716,22-Jun-2021 20:45:10
657,Rajsamand,Ananta Medical Collage Kaliwas,240,0,240,120,0,120,10,0,10,10,0,10,02953288000,02952-221716,25-Jun-2021 20:04:39
662,Rajsamand,CHC KELWARA,3,0,3,5,0,5,0,0,0,0,0,0,02954294738,02952-221716,25-Jun-2021 20:27:31
679,Sawai Madhopur,CHC Kundera,13,1,12,2,1,1,0,0,0,0,0,0,9829322986,07462 235011,15-Jun-2021 08:32:48
685,Sawai Madhopur,Riya Hospital Gangapur City,20,1,19,40,1,39,10,3,7,15,3,12,7014770118,07462 235011,15-Jun-2021 08:26:13
684,Sawai Madhopur,District Hospital Sawai Madhopur,0,0,0,27,0,27,0,0,0,4,2,2,07462234138,07462 235011,25-Jun-2021 15:51:18
683,Sawai Madhopur,CHC Vajeerpur,7,2,5,3,3,0,0,0,0,0,0,0,9982159157,07462 235011,15-Jun-2021 08:32:02
686,Sawai Madhopur,Sub Divisional Hospital Gangapur City,40,2,38,30,0,30,0,0,0,0,0,0,07463231522,07462 235011,18-Jun-2021 22:30:17
682,Sawai Madhopur,CHC Piloda,8,0,8,2,0,2,0,0,0,0,0,0,8058519127,07462 235011,15-Jun-2021 08:31:21
681,Sawai Madhopur,CHC Mitrapura,3,0,3,2,0,2,0,0,0,0,0,0,7976082708,07462 235011,15-Jun-2021 08:29:43
680,Sawai Madhopur,CHC Malarna Dungar,12,0,12,3,0,3,0,0,0,0,0,0,09782256329,07462 235011,25-Jun-2021 14:35:09
678,Sawai Madhopur,CHC Khandeep,4,3,1,2,1,1,0,0,0,0,0,0,8005831372,07462 235011,15-Jun-2021 08:30:42
672,Sawai Madhopur,CHC Bamanwas,10,1,9,5,0,5,0,0,0,0,0,0,9414911555,07462 235011,24-Jun-2021 14:19:43
676,Sawai Madhopur,CHC Choth Ka Barwara,11,0,11,4,0,4,0,0,0,0,0,0,9024725787,07462 235011,23-Jun-2021 09:08:59
675,Sawai Madhopur,CHC CHC Bhagwatgarh,6,2,4,2,0,2,0,0,0,0,0,0,9950119537,07462 235011,15-Jun-2021 08:33:18
674,Sawai Madhopur,CHC Bonli,11,7,4,4,4,0,0,0,0,0,0,0,9414506289,07462 235011,15-Jun-2021 08:29:21
673,Sawai Madhopur,CHC Barnala,2,0,2,2,0,2,0,0,0,0,0,0,8561946011,07462 235011,15-Jun-2021 08:29:00
671,Sawai Madhopur,CHC Bahrawdakhurd,4,0,4,2,0,2,0,0,0,0,0,0,9783268181,07462 235011,23-Jun-2021 14:00:34
670,Sawai Madhopur,CHC Shivard,4,3,1,1,1,0,0,0,0,0,0,0,7737246704,07462 235011,15-Jun-2021 08:33:45
669,Sawai Madhopur,Apex Ranthanmbore Savika Sawai madhopur,7,7,0,7,7,0,3,2,1,2,2,0,8278639720,07462 235011,15-Jun-2021 08:26:43
677,Sawai Madhopur,CHC Khandar,15,6,9,12,0,12,0,0,0,0,0,0,9460814355,07462 235011,25-Jun-2021 14:34:24
700,Sikar,"J S VEDANTA HOSPITAL, Fatehpur Road, Sikar City",7,0,7,16,0,16,5,0,5,1,0,1,8003441101,01572-248211,13-Jun-2021 11:54:20
701,Sikar,JD hospital Reengus,10,0,10,17,0,17,13,0,13,1,0,1,9829248392,01572-248211,25-Jun-2021 09:26:32
702,Sikar,"Jeevan surakhsa Super Speciality Hosp, Fatehpur",10,0,10,5,0,5,9,0,9,1,0,1,01571223002,01572-248211,19-Jun-2021 08:27:19
703,Sikar,"PACIFIC CARE HOSPITAL, Fatehpur Road, Sikar City",0,0,0,9,0,9,5,0,5,1,0,1,8769750999,01572-248211,25-Jun-2021 11:10:04
707,Sikar,SHRI RAM TRAUMA AND SUPER SPECIALITY HOSPITAL,4,0,4,14,0,14,1,0,1,1,0,1,01572253202,01572-248211,24-Jun-2021 18:21:07
705,Sikar,"SDH, Ajeetgarh",0,0,0,10,0,10,0,0,0,0,0,0,9772041235,01572-248211,11-Jun-2021 13:20:54
706,Sikar,"SDH, Neemkathana",0,0,0,42,2,40,4,0,4,4,0,4,01574230077,01572-248211,25-Jun-2021 09:26:09
699,Sikar,Govt S K Hospital,30,0,30,233,8,225,10,1,9,29,2,27,01572274172,01572-248211,25-Jun-2021 09:54:56
708,Sikar,Vatsalya Hospital,10,0,10,3,0,3,10,0,10,2,0,2,9785383406,01572-248211,25-Jun-2021 15:26:22
704,Sikar,"SB Mittal Hospital, Jaipur Road, Sikar City",11,0,11,12,0,12,14,0,14,5,0,5,9785521111,01572-248211,22-Jun-2021 19:15:07
698,Sikar,"Getwell Hospital and Research Centre, Silver Jublee Road, Sikar City",92,0,92,20,0,20,12,0,12,2,0,2,01572271101,01572-248211,24-Jun-2021 23:22:50
695,Sikar,CHC Reengus,3,0,3,7,0,7,0,0,0,0,0,0,01575224058,01572-248211,24-Jun-2021 21:02:37
696,Sikar,Dhayal Hospital Reengus,26,0,26,20,0,20,2,0,2,2,0,2,01575225218,01572-248211,24-Jun-2021 09:38:48
694,Sikar,CHC Ramgarh Sethan,4,0,4,1,0,1,0,0,0,0,0,0,9983730699,01572-248211,25-Jun-2021 12:26:55
693,Sikar,CHC Palsana,8,0,8,2,0,2,0,0,0,0,0,0,8769563844,01572-248211,25-Jun-2021 08:37:31
692,Sikar,CHC Khandela,10,0,10,10,1,9,0,0,0,0,0,0,01575-260081,01572-248211,14-Jun-2021 08:24:41
691,Sikar,CHC Khachariyawwas,5,0,5,10,1,9,0,0,0,0,0,0,9785978476,01572-248211,25-Jun-2021 15:55:18
690,Sikar,CHC Kasali (Kanya Mahavidyalaya Stariya Chtarawas),50,0,50,0,0,0,0,0,0,0,0,0,7665258638,01572-248211,25-Jun-2021 13:35:32
689,Sikar,CHC Jajod,0,0,0,30,0,30,0,0,0,0,0,0,01570,01572-248211,25-Jun-2021 10:21:43
688,Sikar,CHC Fatehpur,10,0,10,26,0,26,0,0,0,0,0,0,01571-230067,01572-248211,20-Jun-2021 09:31:15
687,Sikar,"Amar Hospital, Fathepur",20,0,20,20,0,20,9,0,9,1,0,1,8696822323,01572-248211,13-Jun-2021 13:48:01
697,Sikar,GURUKRIPA HOSPITAL RESEARCH CENTRE P LTD,16,0,16,4,0,4,7,0,7,3,0,3,,01572-248211,25-Jun-2021 15:27:20
715,Sirohi,District Hospital Sirohi,50,0,50,109,1,108,6,0,6,5,0,5,02972-221255,02972-222259,25-Jun-2021 20:52:28
717,Sirohi,Mahavir Surgical and Maternity Hospital Aburoad,8,0,8,10,0,10,0,0,0,0,0,0,9461609005,02972-222259,25-Jun-2021 20:10:55
716,Sirohi,"Global Hospital, Mount Abu",0,0,0,0,0,0,0,0,0,2,0,2,8949089531,02972-222259,25-Jun-2021 09:00:34
714,Sirohi,Covid Care Center Brahma Kumaris Mansarovar abu road,440,0,440,60,0,60,0,0,0,0,0,0,,02972-222259,25-Jun-2021 20:02:26
718,Sirohi,RMM Global Hospital Trauma Centre,5,0,5,20,0,20,0,0,0,5,0,5,7230000601,02972-222259,25-Jun-2021 09:49:08
712,Sirohi,CHC Reodar,6,0,6,4,0,4,0,0,0,0,0,0,0,02972-222259,25-Jun-2021 14:21:35
711,Sirohi,CHC Pindwara,7,0,7,5,0,5,0,0,0,0,0,0,0,02972-222259,08-Jun-2021 13:03:11
710,Sirohi,CHC Kalindri,7,0,7,5,0,5,0,0,0,0,0,0,0,02972-222259,24-Jun-2021 20:05:32
709,Sirohi,CHC Aburoad,6,0,6,4,0,4,0,0,0,0,0,0,0,02972-222259,14-Jun-2021 08:52:04
713,Sirohi,CHC Sheoganj,10,0,10,10,0,10,0,0,0,0,0,0,9024383207,02972-222259,25-Jun-2021 20:16:10
727,Tonk,CHC Uniara,6,0,6,10,0,10,0,0,0,0,0,0,01436294010,01432-244099,08-Jun-2021 11:04:09
726,Tonk,CHC Todaraisingh,10,0,10,10,0,10,0,0,0,0,0,0,nil,01432-244099,08-Jun-2021 14:04:23
725,Tonk,CHC Peeplu,10,0,10,10,0,10,0,0,0,0,0,0,0,01432-244099,22-Jun-2021 21:17:31
724,Tonk,CHC Newai,35,0,35,15,0,15,0,0,0,0,0,0,9414387230,01432-244099,25-Jun-2021 09:57:21
728,Tonk,Saadat District Hospital,0,0,0,155,4,151,10,0,10,5,0,5,01432247416,01432-244099,25-Jun-2021 14:01:44
722,Tonk,CHC Deoli,0,0,0,40,2,38,0,0,0,0,0,0,7427024636,01432-244099,25-Jun-2021 15:49:17
721,Tonk,CHC Aligarh,6,0,6,0,0,0,0,0,0,0,0,0,8385862775,01432-244099,16-Jun-2021 09:50:00
720,Tonk,Ananya Hospital Bharatpur House Jyoti Colony Deoli,20,0,20,0,0,0,0,0,0,0,0,0,9414484317,01432-244099,18-Jun-2021 10:58:58
719,Tonk,"Agrawal Hospital ,Tonk",20,2,18,3,2,1,4,2,2,1,0,1,01432253903,01432-244099,25-Jun-2021 20:38:55
723,Tonk,CHC Malpura,10,0,10,20,0,20,0,0,0,0,0,0,01437294309,01432-244099,25-Jun-2021 08:22:47
745,Udaipur,"GBH Hospital, Madhuwan",0,0,0,50,2,48,3,0,3,8,3,5,9352304050,6367304312,24-Jun-2021 16:33:35
746,Udaipur,GEETANJALI MEDICAL COLLEGE AND HOSPITAL,313,1,312,40,0,40,35,1,34,22,0,22,7300081575(9AM to 6PM) 9116151115(6PM to 9AM),6367304312,24-Jun-2021 16:30:07
747,Udaipur,Kalpana Nursing Home Pvt Ltd,0,0,0,29,0,29,11,0,11,6,0,6,9414734868,6367304312,25-Jun-2021 20:29:46
748,Udaipur,Kanak Hospital Sec. 3,0,0,0,35,0,35,0,0,0,0,0,0,9929702777,6367304312,23-Jun-2021 12:08:42
756,Udaipur,Sharma Multispeciality Hospital,0,0,0,31,0,31,7,0,7,2,0,2,9660319736,6367304312,04-Jun-2021 19:40:21
749,Udaipur,Karnawati Hospital,3,0,3,2,0,2,0,0,0,0,0,0,9549995432,6367304312,31-May-2021 14:44:34
751,Udaipur,"PMCH Bheelo ka Bedla, Udaipur",232,1,231,90,2,88,30,1,29,17,4,13,7300081575(9AM to 6PM) 9116151115(6PM to 9AM),6367304312,25-Jun-2021 07:31:00
752,Udaipur,"Pacific Institute of Medical sciences, Umarda Udaipur",246,0,246,32,0,32,13,0,13,15,0,15,9358883197,6367304312,25-Jun-2021 09:33:09
753,Udaipur,"Paras JK Hospital, Shobhagpura, Udaipur",0,0,0,45,0,45,9,0,9,6,0,6,8949956217,6367304312,24-Jun-2021 16:29:19
754,Udaipur,Saraswati Hospital Sec. 3,0,0,0,0,0,0,0,0,0,0,0,0,9950995333,6367304312,26-May-2021 11:34:47
755,Udaipur,Satellite Hospital Sec. 6,15,0,15,65,0,65,0,0,0,0,0,0,0294 2462539,6367304312,25-Jun-2021 20:15:37
744,Udaipur,DR CHAUDHARY HOSPITAL AND MEDICAL RESEARCH CENTER PRIVATE LIMITED,17,0,17,25,0,25,4,1,3,4,2,2,02942465566,6367304312,25-Jun-2021 07:55:14
750,Udaipur,MBGH and ESIC Hospital,128,11,117,198,25,173,49,15,34,83,17,66,9414155775,6367304312,25-Jun-2021 20:00:43
743,Udaipur,CHC RISHABDEV,20,0,20,5,0,5,0,0,0,0,0,0,7568281138,6367304312,25-Jun-2021 20:56:21
736,Udaipur,CHC KERWADA,10,0,10,5,0,5,0,0,0,0,0,0,9929307271,6367304312,25-Jun-2021 12:51:24
741,Udaipur,CHC NAI,10,0,10,5,0,5,0,0,0,0,0,0,9602381250,6367304312,25-Jun-2021 14:27:27
740,Udaipur,CHC MAVLI,10,0,10,5,0,5,0,0,0,0,0,0,9950868576,6367304312,25-Jun-2021 20:03:36
739,Udaipur,CHC LASADIYA,10,0,10,5,0,5,0,0,0,0,0,0,9829278535,6367304312,25-Jun-2021 11:10:32
738,Udaipur,CHC KURABAD,10,0,10,5,0,5,0,0,0,0,0,0,8890906275,6367304312,25-Jun-2021 14:16:49
737,Udaipur,CHC KOTDA,10,0,10,5,0,5,0,0,0,0,0,0,9571949571,6367304312,25-Jun-2021 13:41:24
735,Udaipur,CHC JHADOL (F),10,0,10,5,0,5,0,0,0,0,0,0,7568361033,6367304312,25-Jun-2021 13:45:10
734,Udaipur,CHC GINGLA,10,1,9,5,0,5,0,0,0,0,0,0,8826189397,6367304312,25-Jun-2021 16:26:07
733,Udaipur,CHC BHINDAR,27,0,27,8,0,8,0,0,0,0,0,0,9829048855,6367304312,25-Jun-2021 17:12:35
732,Udaipur,CHC BADGAUV,10,0,10,5,0,5,0,0,0,0,0,0,9024870290,6367304312,25-Jun-2021 12:50:11
731,Udaipur,Aravali Hospital Mallatalai,0,0,0,30,0,30,8,0,8,2,0,2,02942430222,6367304312,25-Jun-2021 20:00:43
730,Udaipur,"American International Institute Of Medical Sciences, GBH General Hospital AIIMS, Bedwas Udaipur",185,0,185,60,0,60,5,0,5,10,0,10,9314595205,6367304312,24-Jun-2021 16:31:55
729,Udaipur,CHC GOGUNDA,10,0,10,10,0,10,0,0,0,0,0,0,8769636310,6367304312,25-Jun-2021 14:08:35
757,Udaipur,Sidhi Vinayak Hospital Sec 6,0,0,0,9,0,9,4,0,4,7,0,7,7877016677,6367304312,13-Jun-2021 19:26:58
742,Udaipur,CHC PARSAAD,10,0,10,5,0,5,0,0,0,0,0,0,8740865215,6367304312,25-Jun-2021 14:06:41
758,Udaipur,Sunrise Hospital,0,0,0,13,0,13,6,0,6,2,0,2,8107288889,6367304312,25-Jun-2021 11:36:20
